,station,date,PRCP,SNOW,SNWD,TMAX,TMIN,TOBS,elevation,mindate,maxdate,latitude,name,datacoverage,elevationUnit,longitude
0,GHCND:USC00123207,2019-01-01T00:00:00,0.0,0.0,0.0,89.0,6.0,6.0,265.2,1989-02-01,2020-02-29,41.3366,"GARRETT 1 S, IN US",1,METERS,-85.1198
1,GHCND:USC00123207,2019-01-02T00:00:00,0.0,0.0,0.0,6.0,-22.0,6.0,265.2,1989-02-01,2020-02-29,41.3366,"GARRETT 1 S, IN US",1,METERS,-85.1198
2,GHCND:USC00123207,2019-01-03T00:00:00,3.0,0.0,0.0,17.0,-39.0,11.0,265.2,1989-02-01,2020-02-29,41.3366,"GARRETT 1 S, IN US",1,METERS,-85.1198
3,GHCND:USC00123207,2019-01-04T00:00:00,0.0,0.0,0.0,83.0,-33.0,83.0,265.2,1989-02-01,2020-02-29,41.3366,"GARRETT 1 S, IN US",1,METERS,-85.1198
4,GHCND:USC00123207,2019-01-05T00:00:00,0.0,0.0,0.0,94.0,-33.0,83.0,265.2,1989-02-01,2020-02-29,41.3366,"GARRETT 1 S, IN US",1,METERS,-85.1198
5,GHCND:USC00123207,2019-01-06T00:00:00,0.0,0.0,0.0,89.0,-17.0,28.0,265.2,1989-02-01,2020-02-29,41.3366,"GARRETT 1 S, IN US",1,METERS,-85.1198
6,GHCND:USC00123207,2019-01-07T00:00:00,33.0,0.0,0.0,89.0,-6.0,89.0,265.2,1989-02-01,2020-02-29,41.3366,"GARRETT 1 S, IN US",1,METERS,-85.1198
7,GHCND:USC00123207,2019-01-08T00:00:00,0.0,0.0,0.0,106.0,39.0,39.0,265.2,1989-02-01,2020-02-29,41.3366,"GARRETT 1 S, IN US",1,METERS,-85.1198
8,GHCND:USC00123207,2019-01-09T00:00:00,0.0,3.0,0.0,39.0,-67.0,-61.0,265.2,1989-02-01,2020-02-29,41.3366,"GARRETT 1 S, IN US",1,METERS,-85.1198
9,GHCND:USC00123207,2019-01-10T00:00:00,0.0,8.0,0.0,-44.0,-78.0,-44.0,265.2,1989-02-01,2020-02-29,41.3366,"GARRETT 1 S, IN US",1,METERS,-85.1198
10,GHCND:USC00123207,2019-01-11T00:00:00,0.0,0.0,0.0,-28.0,-61.0,-39.0,265.2,1989-02-01,2020-02-29,41.3366,"GARRETT 1 S, IN US",1,METERS,-85.1198
11,GHCND:USC00123207,2019-01-12T00:00:00,5.0,15.0,0.0,-33.0,-56.0,-50.0,265.2,1989-02-01,2020-02-29,41.3366,"GARRETT 1 S, IN US",1,METERS,-85.1198
12,GHCND:USC00123207,2019-01-13T00:00:00,104.0,104.0,102.0,-28.0,-56.0,-44.0,265.2,1989-02-01,2020-02-29,41.3366,"GARRETT 1 S, IN US",1,METERS,-85.1198
13,GHCND:USC00123207,2019-01-14T00:00:00,0.0,0.0,76.0,-17.0,-172.0,-28.0,265.2,1989-02-01,2020-02-29,41.3366,"GARRETT 1 S, IN US",1,METERS,-85.1198
14,GHCND:USC00123207,2019-01-15T00:00:00,5.0,0.0,76.0,-28.0,-83.0,-44.0,265.2,1989-02-01,2020-02-29,41.3366,"GARRETT 1 S, IN US",1,METERS,-85.1198
15,GHCND:USC00123207,2019-01-16T00:00:00,0.0,0.0,51.0,0.0,-44.0,-6.0,265.2,1989-02-01,2020-02-29,41.3366,"GARRETT 1 S, IN US",1,METERS,-85.1198
16,GHCND:USC00123207,2019-01-17T00:00:00,18.0,23.0,51.0,-6.0,-50.0,-11.0,265.2,1989-02-01,2020-02-29,41.3366,"GARRETT 1 S, IN US",1,METERS,-85.1198
17,GHCND:USC00123207,2019-01-18T00:00:00,8.0,0.0,25.0,0.0,-17.0,-11.0,265.2,1989-02-01,2020-02-29,41.3366,"GARRETT 1 S, IN US",1,METERS,-85.1198
18,GHCND:USC00123207,2019-01-19T00:00:00,119.0,119.0,127.0,-11.0,-61.0,-61.0,265.2,1989-02-01,2020-02-29,41.3366,"GARRETT 1 S, IN US",1,METERS,-85.1198
19,GHCND:USC00123207,2019-01-20T00:00:00,0.0,0.0,127.0,-61.0,-189.0,-128.0,265.2,1989-02-01,2020-02-29,41.3366,"GARRETT 1 S, IN US",1,METERS,-85.1198
20,GHCND:USC00123207,2019-01-21T00:00:00,0.0,0.0,127.0,-111.0,-272.0,-156.0,265.2,1989-02-01,2020-02-29,41.3366,"GARRETT 1 S, IN US",1,METERS,-85.1198
21,GHCND:USC00123207,2019-01-22T00:00:00,0.0,0.0,127.0,-22.0,-200.0,-22.0,265.2,1989-02-01,2020-02-29,41.3366,"GARRETT 1 S, IN US",1,METERS,-85.1198
22,GHCND:USC00123207,2019-01-23T00:00:00,165.0,0.0,25.0,39.0,-22.0,28.0,265.2,1989-02-01,2020-02-29,41.3366,"GARRETT 1 S, IN US",1,METERS,-85.1198
23,GHCND:USC00123207,2019-01-24T00:00:00,0.0,0.0,0.0,28.0,-67.0,-56.0,265.2,1989-02-01,2020-02-29,41.3366,"GARRETT 1 S, IN US",1,METERS,-85.1198
24,GHCND:USC00123207,2019-01-25T00:00:00,0.0,5.0,0.0,-56.0,-178.0,-133.0,265.2,1989-02-01,2020-02-29,41.3366,"GARRETT 1 S, IN US",1,METERS,-85.1198
25,GHCND:USC00123207,2019-01-26T00:00:00,8.0,15.0,0.0,-83.0,-133.0,-89.0,265.2,1989-02-01,2020-02-29,41.3366,"GARRETT 1 S, IN US",1,METERS,-85.1198
26,GHCND:USC00123207,2019-01-27T00:00:00,43.0,64.0,51.0,-78.0,-150.0,-111.0,265.2,1989-02-01,2020-02-29,41.3366,"GARRETT 1 S, IN US",1,METERS,-85.1198
27,GHCND:USC00123207,2019-01-28T00:00:00,43.0,43.0,76.0,0.0,-183.0,-6.0,265.2,1989-02-01,2020-02-29,41.3366,"GARRETT 1 S, IN US",1,METERS,-85.1198
28,GHCND:USC00123207,2019-01-29T00:00:00,0.0,8.0,102.0,-6.0,-150.0,-139.0,265.2,1989-02-01,2020-02-29,41.3366,"GARRETT 1 S, IN US",1,METERS,-85.1198
29,GHCND:USC00123207,2019-01-30T00:00:00,0.0,0.0,102.0,-139.0,-278.0,-250.0,265.2,1989-02-01,2020-02-29,41.3366,"GARRETT 1 S, IN US",1,METERS,-85.1198
30,GHCND:USC00123207,2019-01-31T00:00:00,0.0,0.0,102.0,-189.0,-322.0,-189.0,265.2,1989-02-01,2020-02-29,41.3366,"GARRETT 1 S, IN US",1,METERS,-85.1198
31,GHCND:USC00123207,2019-02-01T00:00:00,28.0,61.0,127.0,-106.0,-194.0,-106.0,265.2,1989-02-01,2020-02-29,41.3366,"GARRETT 1 S, IN US",1,METERS,-85.1198
32,GHCND:USC00123207,2019-02-02T00:00:00,0.0,0.0,102.0,28.0,-172.0,22.0,265.2,1989-02-01,2020-02-29,41.3366,"GARRETT 1 S, IN US",1,METERS,-85.1198
33,GHCND:USC00123207,2019-02-03T00:00:00,0.0,0.0,0.0,89.0,0.0,72.0,265.2,1989-02-01,2020-02-29,41.3366,"GARRETT 1 S, IN US",1,METERS,-85.1198
34,GHCND:USC00123207,2019-02-04T00:00:00,25.0,0.0,0.0,89.0,6.0,83.0,265.2,1989-02-01,2020-02-29,41.3366,"GARRETT 1 S, IN US",1,METERS,-85.1198
35,GHCND:USC00123207,2019-02-05T00:00:00,8.0,0.0,0.0,83.0,-17.0,0.0,265.2,1989-02-01,2020-02-29,41.3366,"GARRETT 1 S, IN US",1,METERS,-85.1198
36,GHCND:USC00123207,2019-02-06T00:00:00,173.0,0.0,0.0,28.0,-11.0,28.0,265.2,1989-02-01,2020-02-29,41.3366,"GARRETT 1 S, IN US",1,METERS,-85.1198
37,GHCND:USC00123207,2019-02-07T00:00:00,38.0,0.0,0.0,100.0,0.0,100.0,265.2,1989-02-01,2020-02-29,41.3366,"GARRETT 1 S, IN US",1,METERS,-85.1198
38,GHCND:USC00123207,2019-02-08T00:00:00,5.0,0.0,0.0,117.0,-122.0,-89.0,265.2,1989-02-01,2020-02-29,41.3366,"GARRETT 1 S, IN US",1,METERS,-85.1198
39,GHCND:USC00123207,2019-02-09T00:00:00,0.0,0.0,0.0,-50.0,-122.0,-61.0,265.2,1989-02-01,2020-02-29,41.3366,"GARRETT 1 S, IN US",1,METERS,-85.1198
40,GHCND:USC00123207,2019-02-10T00:00:00,25.0,38.0,25.0,-39.0,-100.0,-50.0,265.2,1989-02-01,2020-02-29,41.3366,"GARRETT 1 S, IN US",1,METERS,-85.1198
41,GHCND:USC00123207,2019-02-11T00:00:00,8.0,0.0,25.0,-28.0,-100.0,-33.0,265.2,1989-02-01,2020-02-29,41.3366,"GARRETT 1 S, IN US",1,METERS,-85.1198
42,GHCND:USC00123207,2019-02-12T00:00:00,236.0,0.0,25.0,0.0,-33.0,-6.0,265.2,1989-02-01,2020-02-29,41.3366,"GARRETT 1 S, IN US",1,METERS,-85.1198
43,GHCND:USC00123207,2019-02-13T00:00:00,0.0,0.0,25.0,-6.0,-89.0,-39.0,265.2,1989-02-01,2020-02-29,41.3366,"GARRETT 1 S, IN US",1,METERS,-85.1198
44,GHCND:USC00123207,2019-02-14T00:00:00,0.0,0.0,0.0,44.0,-56.0,33.0,265.2,1989-02-01,2020-02-29,41.3366,"GARRETT 1 S, IN US",1,METERS,-85.1198
45,GHCND:USC00123207,2019-02-15T00:00:00,0.0,0.0,0.0,39.0,-61.0,-50.0,265.2,1989-02-01,2020-02-29,41.3366,"GARRETT 1 S, IN US",1,METERS,-85.1198
46,GHCND:USC00123207,2019-02-16T00:00:00,0.0,0.0,0.0,-50.0,-94.0,-50.0,265.2,1989-02-01,2020-02-29,41.3366,"GARRETT 1 S, IN US",1,METERS,-85.1198
47,GHCND:USC00123207,2019-02-17T00:00:00,0.0,3.0,0.0,-39.0,-61.0,-44.0,265.2,1989-02-01,2020-02-29,41.3366,"GARRETT 1 S, IN US",1,METERS,-85.1198
48,GHCND:USC00123207,2019-02-18T00:00:00,5.0,10.0,0.0,-39.0,-72.0,-44.0,265.2,1989-02-01,2020-02-29,41.3366,"GARRETT 1 S, IN US",1,METERS,-85.1198
49,GHCND:USC00123207,2019-02-19T00:00:00,0.0,0.0,0.0,-17.0,-106.0,-17.0,265.2,1989-02-01,2020-02-29,41.3366,"GARRETT 1 S, IN US",1,METERS,-85.1198
50,GHCND:USC00123207,2019-02-20T00:00:00,64.0,25.0,25.0,0.0,-50.0,0.0,265.2,1989-02-01,2020-02-29,41.3366,"GARRETT 1 S, IN US",1,METERS,-85.1198
51,GHCND:USC00123207,2019-02-21T00:00:00,0.0,0.0,0.0,28.0,-28.0,22.0,265.2,1989-02-01,2020-02-29,41.3366,"GARRETT 1 S, IN US",1,METERS,-85.1198
52,GHCND:USC00123207,2019-02-22T00:00:00,0.0,0.0,0.0,22.0,-50.0,17.0,265.2,1989-02-01,2020-02-29,41.3366,"GARRETT 1 S, IN US",1,METERS,-85.1198
53,GHCND:USC00123207,2019-02-23T00:00:00,0.0,0.0,0.0,39.0,-22.0,28.0,265.2,1989-02-01,2020-02-29,41.3366,"GARRETT 1 S, IN US",1,METERS,-85.1198
54,GHCND:USC00123207,2019-02-24T00:00:00,61.0,0.0,0.0,100.0,-22.0,-22.0,265.2,1989-02-01,2020-02-29,41.3366,"GARRETT 1 S, IN US",1,METERS,-85.1198
55,GHCND:USC00123207,2019-02-25T00:00:00,0.0,0.0,0.0,-17.0,-117.0,-39.0,265.2,1989-02-01,2020-02-29,41.3366,"GARRETT 1 S, IN US",1,METERS,-85.1198
56,GHCND:USC00123207,2019-02-26T00:00:00,0.0,0.0,0.0,-39.0,-83.0,-61.0,265.2,1989-02-01,2020-02-29,41.3366,"GARRETT 1 S, IN US",1,METERS,-85.1198
57,GHCND:USC00123207,2019-02-27T00:00:00,0.0,0.0,0.0,17.0,-78.0,-17.0,265.2,1989-02-01,2020-02-29,41.3366,"GARRETT 1 S, IN US",1,METERS,-85.1198
58,GHCND:USC00123207,2019-02-28T00:00:00,0.0,0.0,0.0,-17.0,-50.0,-22.0,265.2,1989-02-01,2020-02-29,41.3366,"GARRETT 1 S, IN US",1,METERS,-85.1198
59,GHCND:USC00123207,2019-03-01T00:00:00,0.0,0.0,0.0,17.0,-89.0,11.0,265.2,1989-02-01,2020-02-29,41.3366,"GARRETT 1 S, IN US",1,METERS,-85.1198
60,GHCND:USC00123207,2019-03-02T00:00:00,0.0,0.0,0.0,11.0,-50.0,-6.0,265.2,1989-02-01,2020-02-29,41.3366,"GARRETT 1 S, IN US",1,METERS,-85.1198
61,GHCND:USC00123207,2019-03-03T00:00:00,5.0,18.0,0.0,-6.0,-61.0,-50.0,265.2,1989-02-01,2020-02-29,41.3366,"GARRETT 1 S, IN US",1,METERS,-85.1198
62,GHCND:USC00123207,2019-03-04T00:00:00,0.0,0.0,0.0,-50.0,-156.0,-117.0,265.2,1989-02-01,2020-02-29,41.3366,"GARRETT 1 S, IN US",1,METERS,-85.1198
63,GHCND:USC00123207,2019-03-05T00:00:00,0.0,5.0,0.0,-78.0,-150.0,-94.0,265.2,1989-02-01,2020-02-29,41.3366,"GARRETT 1 S, IN US",1,METERS,-85.1198
64,GHCND:USC00123207,2019-03-06T00:00:00,0.0,0.0,0.0,-50.0,-150.0,-56.0,265.2,1989-02-01,2020-02-29,41.3366,"GARRETT 1 S, IN US",1,METERS,-85.1198
65,GHCND:USC00123207,2019-03-07T00:00:00,0.0,0.0,0.0,-28.0,-106.0,-28.0,265.2,1989-02-01,2020-02-29,41.3366,"GARRETT 1 S, IN US",1,METERS,-85.1198
66,GHCND:USC00123207,2019-03-08T00:00:00,0.0,0.0,0.0,50.0,-72.0,28.0,265.2,1989-02-01,2020-02-29,41.3366,"GARRETT 1 S, IN US",1,METERS,-85.1198
67,GHCND:USC00123207,2019-03-09T00:00:00,0.0,0.0,0.0,44.0,-61.0,39.0,265.2,1989-02-01,2020-02-29,41.3366,"GARRETT 1 S, IN US",1,METERS,-85.1198
68,GHCND:USC00123207,2019-03-10T00:00:00,267.0,0.0,0.0,67.0,0.0,28.0,265.2,1989-02-01,2020-02-29,41.3366,"GARRETT 1 S, IN US",1,METERS,-85.1198
69,GHCND:USC00123207,2019-03-11T00:00:00,0.0,0.0,0.0,44.0,28.0,39.0,265.2,1989-02-01,2020-02-29,41.3366,"GARRETT 1 S, IN US",1,METERS,-85.1198
70,GHCND:USC00123207,2019-03-12T00:00:00,0.0,0.0,0.0,61.0,-78.0,56.0,265.2,1989-02-01,2020-02-29,41.3366,"GARRETT 1 S, IN US",1,METERS,-85.1198
71,GHCND:USC00123207,2019-03-13T00:00:00,18.0,0.0,0.0,117.0,17.0,117.0,265.2,1989-02-01,2020-02-29,41.3366,"GARRETT 1 S, IN US",1,METERS,-85.1198
72,GHCND:USC00123207,2019-03-14T00:00:00,119.0,0.0,0.0,172.0,72.0,122.0,265.2,1989-02-01,2020-02-29,41.3366,"GARRETT 1 S, IN US",1,METERS,-85.1198
73,GHCND:USC00123207,2019-03-15T00:00:00,20.0,0.0,0.0,172.0,11.0,17.0,265.2,1989-02-01,2020-02-29,41.3366,"GARRETT 1 S, IN US",1,METERS,-85.1198
74,GHCND:USC00123207,2019-03-16T00:00:00,0.0,3.0,0.0,28.0,-39.0,11.0,265.2,1989-02-01,2020-02-29,41.3366,"GARRETT 1 S, IN US",1,METERS,-85.1198
75,GHCND:USC00123207,2019-03-17T00:00:00,10.0,8.0,0.0,28.0,-72.0,0.0,265.2,1989-02-01,2020-02-29,41.3366,"GARRETT 1 S, IN US",1,METERS,-85.1198
76,GHCND:USC00123207,2019-03-18T00:00:00,0.0,0.0,0.0,50.0,-67.0,39.0,265.2,1989-02-01,2020-02-29,41.3366,"GARRETT 1 S, IN US",1,METERS,-85.1198
77,GHCND:USC00123207,2019-03-19T00:00:00,0.0,0.0,0.0,72.0,-50.0,61.0,265.2,1989-02-01,2020-02-29,41.3366,"GARRETT 1 S, IN US",1,METERS,-85.1198
78,GHCND:USC00123207,2019-03-20T00:00:00,8.0,0.0,0.0,67.0,-6.0,33.0,265.2,1989-02-01,2020-02-29,41.3366,"GARRETT 1 S, IN US",1,METERS,-85.1198
79,GHCND:USC00123207,2019-03-21T00:00:00,30.0,0.0,0.0,67.0,28.0,50.0,265.2,1989-02-01,2020-02-29,41.3366,"GARRETT 1 S, IN US",1,METERS,-85.1198
80,GHCND:USC00123207,2019-03-22T00:00:00,0.0,0.0,0.0,67.0,-17.0,44.0,265.2,1989-02-01,2020-02-29,41.3366,"GARRETT 1 S, IN US",1,METERS,-85.1198
81,GHCND:USC00123207,2019-03-23T00:00:00,0.0,0.0,0.0,67.0,-78.0,67.0,265.2,1989-02-01,2020-02-29,41.3366,"GARRETT 1 S, IN US",1,METERS,-85.1198
82,GHCND:USC00123207,2019-03-24T00:00:00,0.0,0.0,0.0,83.0,-22.0,83.0,265.2,1989-02-01,2020-02-29,41.3366,"GARRETT 1 S, IN US",1,METERS,-85.1198
83,GHCND:USC00123207,2019-03-25T00:00:00,18.0,0.0,0.0,94.0,-6.0,67.0,265.2,1989-02-01,2020-02-29,41.3366,"GARRETT 1 S, IN US",1,METERS,-85.1198
84,GHCND:USC00123207,2019-03-26T00:00:00,0.0,0.0,0.0,72.0,-61.0,56.0,265.2,1989-02-01,2020-02-29,41.3366,"GARRETT 1 S, IN US",1,METERS,-85.1198
85,GHCND:USC00123207,2019-03-27T00:00:00,0.0,0.0,0.0,111.0,-61.0,106.0,265.2,1989-02-01,2020-02-29,41.3366,"GARRETT 1 S, IN US",1,METERS,-85.1198
86,GHCND:USC00123207,2019-03-28T00:00:00,15.0,0.0,0.0,172.0,33.0,139.0,265.2,1989-02-01,2020-02-29,41.3366,"GARRETT 1 S, IN US",1,METERS,-85.1198
87,GHCND:USC00123207,2019-03-29T00:00:00,25.0,0.0,0.0,139.0,50.0,67.0,265.2,1989-02-01,2020-02-29,41.3366,"GARRETT 1 S, IN US",1,METERS,-85.1198
88,GHCND:USC00123207,2019-03-30T00:00:00,208.0,0.0,0.0,100.0,33.0,44.0,265.2,1989-02-01,2020-02-29,41.3366,"GARRETT 1 S, IN US",1,METERS,-85.1198
89,GHCND:USC00123207,2019-03-31T00:00:00,140.0,30.0,0.0,44.0,-67.0,-11.0,265.2,1989-02-01,2020-02-29,41.3366,"GARRETT 1 S, IN US",1,METERS,-85.1198
90,GHCND:USC00123207,2019-04-01T00:00:00,0.0,0.0,0.0,44.0,-83.0,44.0,265.2,1989-02-01,2020-02-29,41.3366,"GARRETT 1 S, IN US",1,METERS,-85.1198
91,GHCND:USC00123207,2019-04-02T00:00:00,0.0,0.0,0.0,111.0,-11.0,106.0,265.2,1989-02-01,2020-02-29,41.3366,"GARRETT 1 S, IN US",1,METERS,-85.1198
92,GHCND:USC00123207,2019-04-03T00:00:00,0.0,0.0,0.0,122.0,0.0,122.0,265.2,1989-02-01,2020-02-29,41.3366,"GARRETT 1 S, IN US",1,METERS,-85.1198
93,GHCND:USC00123207,2019-04-04T00:00:00,20.0,0.0,0.0,122.0,28.0,33.0,265.2,1989-02-01,2020-02-29,41.3366,"GARRETT 1 S, IN US",1,METERS,-85.1198
94,GHCND:USC00123207,2019-04-05T00:00:00,8.0,0.0,0.0,144.0,11.0,128.0,265.2,1989-02-01,2020-02-29,41.3366,"GARRETT 1 S, IN US",1,METERS,-85.1198
95,GHCND:USC00123207,2019-04-06T00:00:00,0.0,0.0,0.0,183.0,33.0,167.0,265.2,1989-02-01,2020-02-29,41.3366,"GARRETT 1 S, IN US",1,METERS,-85.1198
96,GHCND:USC00123207,2019-04-07T00:00:00,0.0,0.0,0.0,189.0,56.0,189.0,265.2,1989-02-01,2020-02-29,41.3366,"GARRETT 1 S, IN US",1,METERS,-85.1198
97,GHCND:USC00123207,2019-04-08T00:00:00,33.0,0.0,0.0,211.0,100.0,194.0,265.2,1989-02-01,2020-02-29,41.3366,"GARRETT 1 S, IN US",1,METERS,-85.1198
98,GHCND:USC00123207,2019-04-09T00:00:00,0.0,0.0,0.0,206.0,67.0,144.0,265.2,1989-02-01,2020-02-29,41.3366,"GARRETT 1 S, IN US",1,METERS,-85.1198
99,GHCND:USC00123207,2019-04-10T00:00:00,0.0,0.0,0.0,156.0,17.0,78.0,265.2,1989-02-01,2020-02-29,41.3366,"GARRETT 1 S, IN US",1,METERS,-85.1198
100,GHCND:USC00123207,2019-04-11T00:00:00,0.0,0.0,0.0,100.0,11.0,89.0,265.2,1989-02-01,2020-02-29,41.3366,"GARRETT 1 S, IN US",1,METERS,-85.1198
101,GHCND:USC00123207,2019-04-12T00:00:00,71.0,0.0,0.0,156.0,44.0,139.0,265.2,1989-02-01,2020-02-29,41.3366,"GARRETT 1 S, IN US",1,METERS,-85.1198
102,GHCND:USC00123207,2019-04-13T00:00:00,0.0,0.0,0.0,144.0,0.0,117.0,265.2,1989-02-01,2020-02-29,41.3366,"GARRETT 1 S, IN US",1,METERS,-85.1198
103,GHCND:USC00123207,2019-04-14T00:00:00,211.0,0.0,0.0,117.0,6.0,28.0,265.2,1989-02-01,2020-02-29,41.3366,"GARRETT 1 S, IN US",1,METERS,-85.1198
104,GHCND:USC00123207,2019-04-15T00:00:00,33.0,20.0,0.0,100.0,-11.0,94.0,265.2,1989-02-01,2020-02-29,41.3366,"GARRETT 1 S, IN US",1,METERS,-85.1198
105,GHCND:USC00123207,2019-04-16T00:00:00,0.0,0.0,0.0,211.0,44.0,206.0,265.2,1989-02-01,2020-02-29,41.3366,"GARRETT 1 S, IN US",1,METERS,-85.1198
106,GHCND:USC00123207,2019-04-17T00:00:00,0.0,0.0,0.0,222.0,72.0,172.0,265.2,1989-02-01,2020-02-29,41.3366,"GARRETT 1 S, IN US",1,METERS,-85.1198
107,GHCND:USC00123207,2019-04-18T00:00:00,130.0,0.0,0.0,183.0,122.0,156.0,265.2,1989-02-01,2020-02-29,41.3366,"GARRETT 1 S, IN US",1,METERS,-85.1198
108,GHCND:USC00123207,2019-04-19T00:00:00,89.0,0.0,0.0,156.0,33.0,56.0,265.2,1989-02-01,2020-02-29,41.3366,"GARRETT 1 S, IN US",1,METERS,-85.1198
109,GHCND:USC00123207,2019-04-20T00:00:00,114.0,0.0,0.0,56.0,33.0,50.0,265.2,1989-02-01,2020-02-29,41.3366,"GARRETT 1 S, IN US",1,METERS,-85.1198
110,GHCND:USC00123207,2019-04-21T00:00:00,71.0,0.0,0.0,172.0,6.0,161.0,265.2,1989-02-01,2020-02-29,41.3366,"GARRETT 1 S, IN US",1,METERS,-85.1198
111,GHCND:USC00123207,2019-04-22T00:00:00,0.0,0.0,0.0,222.0,61.0,217.0,265.2,1989-02-01,2020-02-29,41.3366,"GARRETT 1 S, IN US",1,METERS,-85.1198
112,GHCND:USC00123207,2019-04-23T00:00:00,0.0,0.0,0.0,217.0,83.0,100.0,265.2,1989-02-01,2020-02-29,41.3366,"GARRETT 1 S, IN US",1,METERS,-85.1198
113,GHCND:USC00123207,2019-04-24T00:00:00,0.0,0.0,0.0,133.0,11.0,133.0,265.2,1989-02-01,2020-02-29,41.3366,"GARRETT 1 S, IN US",1,METERS,-85.1198
114,GHCND:USC00123207,2019-04-25T00:00:00,5.0,0.0,0.0,133.0,83.0,128.0,265.2,1989-02-01,2020-02-29,41.3366,"GARRETT 1 S, IN US",1,METERS,-85.1198
115,GHCND:USC00123207,2019-04-26T00:00:00,320.0,0.0,0.0,133.0,67.0,117.0,265.2,1989-02-01,2020-02-29,41.3366,"GARRETT 1 S, IN US",1,METERS,-85.1198
116,GHCND:USC00123207,2019-04-27T00:00:00,8.0,0.0,0.0,122.0,22.0,39.0,265.2,1989-02-01,2020-02-29,41.3366,"GARRETT 1 S, IN US",1,METERS,-85.1198
117,GHCND:USC00123207,2019-04-28T00:00:00,165.0,0.0,0.0,111.0,0.0,106.0,265.2,1989-02-01,2020-02-29,41.3366,"GARRETT 1 S, IN US",1,METERS,-85.1198
118,GHCND:USC00123207,2019-04-29T00:00:00,127.0,0.0,0.0,106.0,33.0,50.0,265.2,1989-02-01,2020-02-29,41.3366,"GARRETT 1 S, IN US",1,METERS,-85.1198
119,GHCND:USC00123207,2019-04-30T00:00:00,56.0,0.0,0.0,78.0,50.0,78.0,265.2,1989-02-01,2020-02-29,41.3366,"GARRETT 1 S, IN US",1,METERS,-85.1198
120,GHCND:USC00123207,2019-05-01T00:00:00,284.0,0.0,0.0,178.0,50.0,178.0,265.2,1989-02-01,2020-02-29,41.3366,"GARRETT 1 S, IN US",1,METERS,-85.1198
121,GHCND:USC00123207,2019-05-02T00:00:00,23.0,0.0,0.0,194.0,94.0,161.0,265.2,1989-02-01,2020-02-29,41.3366,"GARRETT 1 S, IN US",1,METERS,-85.1198
122,GHCND:USC00123207,2019-05-03T00:00:00,41.0,0.0,0.0,161.0,78.0,111.0,265.2,1989-02-01,2020-02-29,41.3366,"GARRETT 1 S, IN US",1,METERS,-85.1198
123,GHCND:USC00123207,2019-05-04T00:00:00,3.0,0.0,0.0,139.0,78.0,139.0,265.2,1989-02-01,2020-02-29,41.3366,"GARRETT 1 S, IN US",1,METERS,-85.1198
124,GHCND:USC00123207,2019-05-05T00:00:00,0.0,0.0,0.0,194.0,33.0,183.0,265.2,1989-02-01,2020-02-29,41.3366,"GARRETT 1 S, IN US",1,METERS,-85.1198
125,GHCND:USC00123207,2019-05-06T00:00:00,0.0,0.0,0.0,233.0,67.0,222.0,265.2,1989-02-01,2020-02-29,41.3366,"GARRETT 1 S, IN US",1,METERS,-85.1198
126,GHCND:USC00123207,2019-05-07T00:00:00,0.0,0.0,0.0,228.0,89.0,100.0,265.2,1989-02-01,2020-02-29,41.3366,"GARRETT 1 S, IN US",1,METERS,-85.1198
127,GHCND:USC00123207,2019-05-08T00:00:00,0.0,0.0,0.0,167.0,56.0,161.0,265.2,1989-02-01,2020-02-29,41.3366,"GARRETT 1 S, IN US",1,METERS,-85.1198
128,GHCND:USC00123207,2019-05-09T00:00:00,56.0,0.0,0.0,211.0,89.0,200.0,265.2,1989-02-01,2020-02-29,41.3366,"GARRETT 1 S, IN US",1,METERS,-85.1198
129,GHCND:USC00123207,2019-05-10T00:00:00,0.0,0.0,0.0,206.0,61.0,100.0,265.2,1989-02-01,2020-02-29,41.3366,"GARRETT 1 S, IN US",1,METERS,-85.1198
130,GHCND:USC00123207,2019-05-11T00:00:00,0.0,0.0,0.0,122.0,22.0,111.0,265.2,1989-02-01,2020-02-29,41.3366,"GARRETT 1 S, IN US",1,METERS,-85.1198
131,GHCND:USC00123207,2019-05-12T00:00:00,25.0,0.0,0.0,111.0,44.0,78.0,265.2,1989-02-01,2020-02-29,41.3366,"GARRETT 1 S, IN US",1,METERS,-85.1198
132,GHCND:USC00123207,2019-05-13T00:00:00,99.0,0.0,0.0,100.0,61.0,100.0,265.2,1989-02-01,2020-02-29,41.3366,"GARRETT 1 S, IN US",1,METERS,-85.1198
133,GHCND:USC00123207,2019-05-14T00:00:00,0.0,0.0,0.0,172.0,17.0,161.0,265.2,1989-02-01,2020-02-29,41.3366,"GARRETT 1 S, IN US",1,METERS,-85.1198
134,GHCND:USC00123207,2019-05-15T00:00:00,0.0,0.0,0.0,211.0,39.0,194.0,265.2,1989-02-01,2020-02-29,41.3366,"GARRETT 1 S, IN US",1,METERS,-85.1198
135,GHCND:USC00123207,2019-05-16T00:00:00,0.0,0.0,0.0,222.0,83.0,211.0,265.2,1989-02-01,2020-02-29,41.3366,"GARRETT 1 S, IN US",1,METERS,-85.1198
136,GHCND:USC00123207,2019-05-17T00:00:00,419.0,0.0,0.0,222.0,144.0,189.0,265.2,1989-02-01,2020-02-29,41.3366,"GARRETT 1 S, IN US",1,METERS,-85.1198
137,GHCND:USC00123207,2019-05-18T00:00:00,36.0,0.0,0.0,267.0,94.0,267.0,265.2,1989-02-01,2020-02-29,41.3366,"GARRETT 1 S, IN US",1,METERS,-85.1198
138,GHCND:USC00123207,2019-05-19T00:00:00,20.0,0.0,0.0,267.0,156.0,161.0,265.2,1989-02-01,2020-02-29,41.3366,"GARRETT 1 S, IN US",1,METERS,-85.1198
139,GHCND:USC00123207,2019-05-20T00:00:00,0.0,0.0,0.0,178.0,89.0,100.0,265.2,1989-02-01,2020-02-29,41.3366,"GARRETT 1 S, IN US",1,METERS,-85.1198
140,GHCND:USC00123207,2019-05-21T00:00:00,46.0,0.0,0.0,100.0,44.0,100.0,265.2,1989-02-01,2020-02-29,41.3366,"GARRETT 1 S, IN US",1,METERS,-85.1198
141,GHCND:USC00123207,2019-05-22T00:00:00,175.0,0.0,0.0,211.0,83.0,211.0,265.2,1989-02-01,2020-02-29,41.3366,"GARRETT 1 S, IN US",1,METERS,-85.1198
142,GHCND:USC00123207,2019-05-23T00:00:00,81.0,0.0,0.0,233.0,156.0,228.0,265.2,1989-02-01,2020-02-29,41.3366,"GARRETT 1 S, IN US",1,METERS,-85.1198
143,GHCND:USC00123207,2019-05-24T00:00:00,5.0,0.0,0.0,228.0,100.0,200.0,265.2,1989-02-01,2020-02-29,41.3366,"GARRETT 1 S, IN US",1,METERS,-85.1198
144,GHCND:USC00123207,2019-05-25T00:00:00,25.0,0.0,0.0,267.0,144.0,194.0,265.2,1989-02-01,2020-02-29,41.3366,"GARRETT 1 S, IN US",1,METERS,-85.1198
145,GHCND:USC00123207,2019-05-26T00:00:00,97.0,0.0,0.0,239.0,161.0,189.0,265.2,1989-02-01,2020-02-29,41.3366,"GARRETT 1 S, IN US",1,METERS,-85.1198
146,GHCND:USC00123207,2019-05-27T00:00:00,0.0,0.0,0.0,222.0,133.0,217.0,265.2,1989-02-01,2020-02-29,41.3366,"GARRETT 1 S, IN US",1,METERS,-85.1198
147,GHCND:USC00123207,2019-05-28T00:00:00,64.0,0.0,0.0,244.0,167.0,239.0,265.2,1989-02-01,2020-02-29,41.3366,"GARRETT 1 S, IN US",1,METERS,-85.1198
148,GHCND:USC00123207,2019-05-29T00:00:00,5.0,0.0,0.0,244.0,144.0,222.0,265.2,1989-02-01,2020-02-29,41.3366,"GARRETT 1 S, IN US",1,METERS,-85.1198
149,GHCND:USC00123207,2019-05-30T00:00:00,0.0,0.0,0.0,222.0,156.0,217.0,265.2,1989-02-01,2020-02-29,41.3366,"GARRETT 1 S, IN US",1,METERS,-85.1198
150,GHCND:USC00123207,2019-05-31T00:00:00,0.0,0.0,0.0,233.0,117.0,233.0,265.2,1989-02-01,2020-02-29,41.3366,"GARRETT 1 S, IN US",1,METERS,-85.1198
151,GHCND:USC00123207,2019-06-01T00:00:00,0.0,0.0,0.0,256.0,139.0,250.0,265.2,1989-02-01,2020-02-29,41.3366,"GARRETT 1 S, IN US",1,METERS,-85.1198
152,GHCND:USC00123207,2019-06-02T00:00:00,0.0,0.0,0.0,267.0,117.0,183.0,265.2,1989-02-01,2020-02-29,41.3366,"GARRETT 1 S, IN US",1,METERS,-85.1198
153,GHCND:USC00123207,2019-06-03T00:00:00,0.0,0.0,0.0,183.0,72.0,178.0,265.2,1989-02-01,2020-02-29,41.3366,"GARRETT 1 S, IN US",1,METERS,-85.1198
154,GHCND:USC00123207,2019-06-04T00:00:00,0.0,0.0,0.0,228.0,89.0,228.0,265.2,1989-02-01,2020-02-29,41.3366,"GARRETT 1 S, IN US",1,METERS,-85.1198
155,GHCND:USC00123207,2019-06-05T00:00:00,51.0,0.0,0.0,256.0,161.0,256.0,265.2,1989-02-01,2020-02-29,41.3366,"GARRETT 1 S, IN US",1,METERS,-85.1198
156,GHCND:USC00123207,2019-06-06T00:00:00,0.0,0.0,0.0,256.0,139.0,217.0,265.2,1989-02-01,2020-02-29,41.3366,"GARRETT 1 S, IN US",1,METERS,-85.1198
157,GHCND:USC00123207,2019-06-07T00:00:00,0.0,0.0,0.0,244.0,122.0,239.0,265.2,1989-02-01,2020-02-29,41.3366,"GARRETT 1 S, IN US",1,METERS,-85.1198
158,GHCND:USC00123207,2019-06-08T00:00:00,0.0,0.0,0.0,256.0,133.0,250.0,265.2,1989-02-01,2020-02-29,41.3366,"GARRETT 1 S, IN US",1,METERS,-85.1198
159,GHCND:USC00123207,2019-06-09T00:00:00,30.0,0.0,0.0,256.0,161.0,194.0,265.2,1989-02-01,2020-02-29,41.3366,"GARRETT 1 S, IN US",1,METERS,-85.1198
160,GHCND:USC00123207,2019-06-10T00:00:00,18.0,0.0,0.0,200.0,133.0,161.0,265.2,1989-02-01,2020-02-29,41.3366,"GARRETT 1 S, IN US",1,METERS,-85.1198
161,GHCND:USC00123207,2019-06-11T00:00:00,0.0,0.0,0.0,233.0,72.0,228.0,265.2,1989-02-01,2020-02-29,41.3366,"GARRETT 1 S, IN US",1,METERS,-85.1198
162,GHCND:USC00123207,2019-06-12T00:00:00,0.0,0.0,0.0,228.0,117.0,222.0,265.2,1989-02-01,2020-02-29,41.3366,"GARRETT 1 S, IN US",1,METERS,-85.1198
163,GHCND:USC00123207,2019-06-13T00:00:00,97.0,0.0,0.0,228.0,89.0,94.0,265.2,1989-02-01,2020-02-29,41.3366,"GARRETT 1 S, IN US",1,METERS,-85.1198
164,GHCND:USC00123207,2019-06-14T00:00:00,0.0,0.0,0.0,222.0,67.0,217.0,265.2,1989-02-01,2020-02-29,41.3366,"GARRETT 1 S, IN US",1,METERS,-85.1198
165,GHCND:USC00123207,2019-06-15T00:00:00,104.0,0.0,0.0,222.0,133.0,167.0,265.2,1989-02-01,2020-02-29,41.3366,"GARRETT 1 S, IN US",1,METERS,-85.1198
166,GHCND:USC00123207,2019-06-16T00:00:00,152.0,0.0,0.0,200.0,161.0,200.0,265.2,1989-02-01,2020-02-29,41.3366,"GARRETT 1 S, IN US",1,METERS,-85.1198
167,GHCND:USC00123207,2019-06-17T00:00:00,0.0,0.0,0.0,217.0,139.0,189.0,265.2,1989-02-01,2020-02-29,41.3366,"GARRETT 1 S, IN US",1,METERS,-85.1198
168,GHCND:USC00123207,2019-06-18T00:00:00,0.0,0.0,0.0,239.0,139.0,233.0,265.2,1989-02-01,2020-02-29,41.3366,"GARRETT 1 S, IN US",1,METERS,-85.1198
169,GHCND:USC00123207,2019-06-19T00:00:00,66.0,0.0,0.0,267.0,150.0,189.0,265.2,1989-02-01,2020-02-29,41.3366,"GARRETT 1 S, IN US",1,METERS,-85.1198
170,GHCND:USC00123207,2019-06-20T00:00:00,368.0,0.0,0.0,217.0,150.0,161.0,265.2,1989-02-01,2020-02-29,41.3366,"GARRETT 1 S, IN US",1,METERS,-85.1198
171,GHCND:USC00123207,2019-06-21T00:00:00,0.0,0.0,0.0,222.0,117.0,217.0,265.2,1989-02-01,2020-02-29,41.3366,"GARRETT 1 S, IN US",1,METERS,-85.1198
172,GHCND:USC00123207,2019-06-22T00:00:00,0.0,0.0,0.0,233.0,144.0,211.0,265.2,1989-02-01,2020-02-29,41.3366,"GARRETT 1 S, IN US",1,METERS,-85.1198
173,GHCND:USC00123207,2019-06-23T00:00:00,0.0,0.0,0.0,256.0,133.0,250.0,265.2,1989-02-01,2020-02-29,41.3366,"GARRETT 1 S, IN US",1,METERS,-85.1198
174,GHCND:USC00123207,2019-06-24T00:00:00,135.0,0.0,0.0,256.0,172.0,211.0,265.2,1989-02-01,2020-02-29,41.3366,"GARRETT 1 S, IN US",1,METERS,-85.1198
175,GHCND:USC00123207,2019-06-25T00:00:00,38.0,0.0,0.0,256.0,144.0,250.0,265.2,1989-02-01,2020-02-29,41.3366,"GARRETT 1 S, IN US",1,METERS,-85.1198
176,GHCND:USC00123207,2019-06-26T00:00:00,0.0,0.0,0.0,261.0,161.0,256.0,265.2,1989-02-01,2020-02-29,41.3366,"GARRETT 1 S, IN US",1,METERS,-85.1198
177,GHCND:USC00123207,2019-06-27T00:00:00,23.0,0.0,0.0,272.0,172.0,267.0,265.2,1989-02-01,2020-02-29,41.3366,"GARRETT 1 S, IN US",1,METERS,-85.1198
178,GHCND:USC00123207,2019-06-28T00:00:00,0.0,0.0,0.0,283.0,178.0,278.0,265.2,1989-02-01,2020-02-29,41.3366,"GARRETT 1 S, IN US",1,METERS,-85.1198
179,GHCND:USC00123207,2019-06-29T00:00:00,0.0,0.0,0.0,289.0,189.0,283.0,265.2,1989-02-01,2020-02-29,41.3366,"GARRETT 1 S, IN US",1,METERS,-85.1198
180,GHCND:USC00123207,2019-06-30T00:00:00,0.0,0.0,0.0,283.0,178.0,272.0,265.2,1989-02-01,2020-02-29,41.3366,"GARRETT 1 S, IN US",1,METERS,-85.1198
181,GHCND:USC00123207,2019-07-01T00:00:00,0.0,0.0,0.0,294.0,183.0,278.0,265.2,1989-02-01,2020-02-29,41.3366,"GARRETT 1 S, IN US",1,METERS,-85.1198
182,GHCND:USC00123207,2019-07-02T00:00:00,58.0,0.0,0.0,317.0,194.0,278.0,265.2,1989-02-01,2020-02-29,41.3366,"GARRETT 1 S, IN US",1,METERS,-85.1198
183,GHCND:USC00123207,2019-07-03T00:00:00,79.0,0.0,0.0,294.0,189.0,267.0,265.2,1989-02-01,2020-02-29,41.3366,"GARRETT 1 S, IN US",1,METERS,-85.1198
184,GHCND:USC00123207,2019-07-04T00:00:00,0.0,0.0,0.0,311.0,194.0,278.0,265.2,1989-02-01,2020-02-29,41.3366,"GARRETT 1 S, IN US",1,METERS,-85.1198
185,GHCND:USC00123207,2019-07-05T00:00:00,292.0,0.0,0.0,300.0,200.0,217.0,265.2,1989-02-01,2020-02-29,41.3366,"GARRETT 1 S, IN US",1,METERS,-85.1198
186,GHCND:USC00123207,2019-07-06T00:00:00,91.0,0.0,0.0,261.0,194.0,261.0,265.2,1989-02-01,2020-02-29,41.3366,"GARRETT 1 S, IN US",1,METERS,-85.1198
187,GHCND:USC00123207,2019-07-07T00:00:00,58.0,0.0,0.0,261.0,172.0,239.0,265.2,1989-02-01,2020-02-29,41.3366,"GARRETT 1 S, IN US",1,METERS,-85.1198
188,GHCND:USC00123207,2019-07-08T00:00:00,0.0,0.0,0.0,250.0,150.0,239.0,265.2,1989-02-01,2020-02-29,41.3366,"GARRETT 1 S, IN US",1,METERS,-85.1198
189,GHCND:USC00123207,2019-07-09T00:00:00,0.0,0.0,0.0,256.0,133.0,256.0,265.2,1989-02-01,2020-02-29,41.3366,"GARRETT 1 S, IN US",1,METERS,-85.1198
190,GHCND:USC00123207,2019-07-10T00:00:00,0.0,0.0,0.0,306.0,167.0,278.0,265.2,1989-02-01,2020-02-29,41.3366,"GARRETT 1 S, IN US",1,METERS,-85.1198
191,GHCND:USC00123207,2019-07-11T00:00:00,0.0,0.0,0.0,278.0,183.0,256.0,265.2,1989-02-01,2020-02-29,41.3366,"GARRETT 1 S, IN US",1,METERS,-85.1198
192,GHCND:USC00123207,2019-07-12T00:00:00,0.0,0.0,0.0,261.0,133.0,233.0,265.2,1989-02-01,2020-02-29,41.3366,"GARRETT 1 S, IN US",1,METERS,-85.1198
193,GHCND:USC00123207,2019-07-13T00:00:00,0.0,0.0,0.0,300.0,144.0,267.0,265.2,1989-02-01,2020-02-29,41.3366,"GARRETT 1 S, IN US",1,METERS,-85.1198
194,GHCND:USC00123207,2019-07-14T00:00:00,124.0,0.0,0.0,300.0,183.0,267.0,265.2,1989-02-01,2020-02-29,41.3366,"GARRETT 1 S, IN US",1,METERS,-85.1198
195,GHCND:USC00123207,2019-07-15T00:00:00,0.0,0.0,0.0,294.0,183.0,272.0,265.2,1989-02-01,2020-02-29,41.3366,"GARRETT 1 S, IN US",1,METERS,-85.1198
196,GHCND:USC00123207,2019-07-16T00:00:00,0.0,0.0,0.0,300.0,206.0,261.0,265.2,1989-02-01,2020-02-29,41.3366,"GARRETT 1 S, IN US",1,METERS,-85.1198
197,GHCND:USC00123207,2019-07-17T00:00:00,43.0,0.0,0.0,300.0,206.0,272.0,265.2,1989-02-01,2020-02-29,41.3366,"GARRETT 1 S, IN US",1,METERS,-85.1198
198,GHCND:USC00123207,2019-07-18T00:00:00,30.0,0.0,0.0,294.0,200.0,233.0,265.2,1989-02-01,2020-02-29,41.3366,"GARRETT 1 S, IN US",1,METERS,-85.1198
199,GHCND:USC00123207,2019-07-19T00:00:00,0.0,0.0,0.0,328.0,228.0,322.0,265.2,1989-02-01,2020-02-29,41.3366,"GARRETT 1 S, IN US",1,METERS,-85.1198
200,GHCND:USC00123207,2019-07-20T00:00:00,0.0,0.0,0.0,344.0,222.0,294.0,265.2,1989-02-01,2020-02-29,41.3366,"GARRETT 1 S, IN US",1,METERS,-85.1198
201,GHCND:USC00123207,2019-07-21T00:00:00,25.0,0.0,0.0,306.0,206.0,278.0,265.2,1989-02-01,2020-02-29,41.3366,"GARRETT 1 S, IN US",1,METERS,-85.1198
202,GHCND:USC00123207,2019-07-22T00:00:00,325.0,0.0,0.0,278.0,161.0,200.0,265.2,1989-02-01,2020-02-29,41.3366,"GARRETT 1 S, IN US",1,METERS,-85.1198
203,GHCND:USC00123207,2019-07-23T00:00:00,0.0,0.0,0.0,239.0,117.0,217.0,265.2,1989-02-01,2020-02-29,41.3366,"GARRETT 1 S, IN US",1,METERS,-85.1198
204,GHCND:USC00123207,2019-07-24T00:00:00,0.0,0.0,0.0,222.0,122.0,217.0,265.2,1989-02-01,2020-02-29,41.3366,"GARRETT 1 S, IN US",1,METERS,-85.1198
205,GHCND:USC00123207,2019-07-25T00:00:00,0.0,0.0,0.0,278.0,111.0,239.0,265.2,1989-02-01,2020-02-29,41.3366,"GARRETT 1 S, IN US",1,METERS,-85.1198
206,GHCND:USC00123207,2019-07-26T00:00:00,0.0,0.0,0.0,278.0,128.0,244.0,265.2,1989-02-01,2020-02-29,41.3366,"GARRETT 1 S, IN US",1,METERS,-85.1198
207,GHCND:USC00123207,2019-07-27T00:00:00,0.0,0.0,0.0,300.0,150.0,267.0,265.2,1989-02-01,2020-02-29,41.3366,"GARRETT 1 S, IN US",1,METERS,-85.1198
208,GHCND:USC00123207,2019-07-28T00:00:00,10.0,0.0,0.0,300.0,167.0,272.0,265.2,1989-02-01,2020-02-29,41.3366,"GARRETT 1 S, IN US",1,METERS,-85.1198
209,GHCND:USC00123207,2019-07-29T00:00:00,130.0,0.0,0.0,278.0,183.0,189.0,265.2,1989-02-01,2020-02-29,41.3366,"GARRETT 1 S, IN US",1,METERS,-85.1198
210,GHCND:USC00123207,2019-07-30T00:00:00,0.0,0.0,0.0,267.0,183.0,239.0,265.2,1989-02-01,2020-02-29,41.3366,"GARRETT 1 S, IN US",1,METERS,-85.1198
211,GHCND:USC00123207,2019-07-31T00:00:00,0.0,0.0,0.0,250.0,117.0,228.0,265.2,1989-02-01,2020-02-29,41.3366,"GARRETT 1 S, IN US",1,METERS,-85.1198
212,GHCND:USC00123207,2019-08-01T00:00:00,0.0,0.0,0.0,267.0,144.0,244.0,265.2,1989-02-01,2020-02-29,41.3366,"GARRETT 1 S, IN US",1,METERS,-85.1198
213,GHCND:USC00123207,2019-08-02T00:00:00,0.0,0.0,0.0,244.0,117.0,239.0,265.2,1989-02-01,2020-02-29,41.3366,"GARRETT 1 S, IN US",1,METERS,-85.1198
214,GHCND:USC00123207,2019-08-03T00:00:00,0.0,0.0,0.0,272.0,100.0,256.0,265.2,1989-02-01,2020-02-29,41.3366,"GARRETT 1 S, IN US",1,METERS,-85.1198
215,GHCND:USC00123207,2019-08-04T00:00:00,0.0,0.0,0.0,278.0,133.0,261.0,265.2,1989-02-01,2020-02-29,41.3366,"GARRETT 1 S, IN US",1,METERS,-85.1198
216,GHCND:USC00123207,2019-08-05T00:00:00,0.0,0.0,0.0,294.0,144.0,261.0,265.2,1989-02-01,2020-02-29,41.3366,"GARRETT 1 S, IN US",1,METERS,-85.1198
217,GHCND:USC00123207,2019-08-06T00:00:00,112.0,0.0,0.0,278.0,178.0,222.0,265.2,1989-02-01,2020-02-29,41.3366,"GARRETT 1 S, IN US",1,METERS,-85.1198
218,GHCND:USC00123207,2019-08-07T00:00:00,0.0,0.0,0.0,272.0,156.0,244.0,265.2,1989-02-01,2020-02-29,41.3366,"GARRETT 1 S, IN US",1,METERS,-85.1198
219,GHCND:USC00123207,2019-08-08T00:00:00,0.0,0.0,0.0,272.0,156.0,256.0,265.2,1989-02-01,2020-02-29,41.3366,"GARRETT 1 S, IN US",1,METERS,-85.1198
220,GHCND:USC00123207,2019-08-09T00:00:00,0.0,0.0,0.0,272.0,111.0,233.0,265.2,1989-02-01,2020-02-29,41.3366,"GARRETT 1 S, IN US",1,METERS,-85.1198
221,GHCND:USC00123207,2019-08-10T00:00:00,0.0,0.0,0.0,267.0,89.0,228.0,265.2,1989-02-01,2020-02-29,41.3366,"GARRETT 1 S, IN US",1,METERS,-85.1198
222,GHCND:USC00123207,2019-08-11T00:00:00,0.0,0.0,0.0,278.0,128.0,256.0,265.2,1989-02-01,2020-02-29,41.3366,"GARRETT 1 S, IN US",1,METERS,-85.1198
223,GHCND:USC00123207,2019-08-12T00:00:00,10.0,0.0,0.0,289.0,178.0,244.0,265.2,1989-02-01,2020-02-29,41.3366,"GARRETT 1 S, IN US",1,METERS,-85.1198
224,GHCND:USC00123207,2019-08-13T00:00:00,292.0,0.0,0.0,256.0,189.0,233.0,265.2,1989-02-01,2020-02-29,41.3366,"GARRETT 1 S, IN US",1,METERS,-85.1198
225,GHCND:USC00123207,2019-08-14T00:00:00,254.0,0.0,0.0,278.0,150.0,239.0,265.2,1989-02-01,2020-02-29,41.3366,"GARRETT 1 S, IN US",1,METERS,-85.1198
226,GHCND:USC00123207,2019-08-15T00:00:00,140.0,0.0,0.0,261.0,150.0,217.0,265.2,1989-02-01,2020-02-29,41.3366,"GARRETT 1 S, IN US",1,METERS,-85.1198
227,GHCND:USC00123207,2019-08-16T00:00:00,0.0,0.0,0.0,256.0,117.0,233.0,265.2,1989-02-01,2020-02-29,41.3366,"GARRETT 1 S, IN US",1,METERS,-85.1198
228,GHCND:USC00123207,2019-08-17T00:00:00,20.0,0.0,0.0,261.0,178.0,222.0,265.2,1989-02-01,2020-02-29,41.3366,"GARRETT 1 S, IN US",1,METERS,-85.1198
229,GHCND:USC00123207,2019-08-18T00:00:00,25.0,0.0,0.0,278.0,183.0,250.0,265.2,1989-02-01,2020-02-29,41.3366,"GARRETT 1 S, IN US",1,METERS,-85.1198
230,GHCND:USC00123207,2019-08-19T00:00:00,574.0,0.0,0.0,300.0,167.0,256.0,265.2,1989-02-01,2020-02-29,41.3366,"GARRETT 1 S, IN US",1,METERS,-85.1198
231,GHCND:USC00123207,2019-08-20T00:00:00,0.0,0.0,0.0,300.0,172.0,267.0,265.2,1989-02-01,2020-02-29,41.3366,"GARRETT 1 S, IN US",1,METERS,-85.1198
232,GHCND:USC00123207,2019-08-21T00:00:00,0.0,0.0,0.0,289.0,161.0,244.0,265.2,1989-02-01,2020-02-29,41.3366,"GARRETT 1 S, IN US",1,METERS,-85.1198
233,GHCND:USC00123207,2019-08-22T00:00:00,86.0,0.0,0.0,250.0,167.0,222.0,265.2,1989-02-01,2020-02-29,41.3366,"GARRETT 1 S, IN US",1,METERS,-85.1198
234,GHCND:USC00123207,2019-08-23T00:00:00,0.0,0.0,0.0,233.0,117.0,194.0,265.2,1989-02-01,2020-02-29,41.3366,"GARRETT 1 S, IN US",1,METERS,-85.1198
235,GHCND:USC00123207,2019-08-24T00:00:00,0.0,0.0,0.0,217.0,106.0,189.0,265.2,1989-02-01,2020-02-29,41.3366,"GARRETT 1 S, IN US",1,METERS,-85.1198
236,GHCND:USC00123207,2019-08-25T00:00:00,0.0,0.0,0.0,228.0,100.0,217.0,265.2,1989-02-01,2020-02-29,41.3366,"GARRETT 1 S, IN US",1,METERS,-85.1198
237,GHCND:USC00123207,2019-08-26T00:00:00,48.0,0.0,0.0,217.0,139.0,189.0,265.2,1989-02-01,2020-02-29,41.3366,"GARRETT 1 S, IN US",1,METERS,-85.1198
238,GHCND:USC00123207,2019-08-27T00:00:00,51.0,0.0,0.0,244.0,183.0,222.0,265.2,1989-02-01,2020-02-29,41.3366,"GARRETT 1 S, IN US",1,METERS,-85.1198
239,GHCND:USC00123207,2019-08-28T00:00:00,0.0,0.0,0.0,228.0,111.0,211.0,265.2,1989-02-01,2020-02-29,41.3366,"GARRETT 1 S, IN US",1,METERS,-85.1198
240,GHCND:USC00123207,2019-08-29T00:00:00,0.0,0.0,0.0,256.0,94.0,239.0,265.2,1989-02-01,2020-02-29,41.3366,"GARRETT 1 S, IN US",1,METERS,-85.1198
241,GHCND:USC00123207,2019-08-30T00:00:00,0.0,0.0,0.0,239.0,144.0,211.0,265.2,1989-02-01,2020-02-29,41.3366,"GARRETT 1 S, IN US",1,METERS,-85.1198
242,GHCND:USC00123207,2019-08-31T00:00:00,0.0,0.0,0.0,211.0,111.0,189.0,265.2,1989-02-01,2020-02-29,41.3366,"GARRETT 1 S, IN US",1,METERS,-85.1198
243,GHCND:USC00123207,2019-09-01T00:00:00,277.0,0.0,0.0,200.0,133.0,200.0,265.2,1989-02-01,2020-02-29,41.3366,"GARRETT 1 S, IN US",1,METERS,-85.1198
244,GHCND:USC00123207,2019-09-02T00:00:00,0.0,0.0,0.0,228.0,156.0,222.0,265.2,1989-02-01,2020-02-29,41.3366,"GARRETT 1 S, IN US",1,METERS,-85.1198
245,GHCND:USC00123207,2019-09-03T00:00:00,15.0,0.0,0.0,222.0,128.0,194.0,265.2,1989-02-01,2020-02-29,41.3366,"GARRETT 1 S, IN US",1,METERS,-85.1198
246,GHCND:USC00123207,2019-09-04T00:00:00,41.0,0.0,0.0,222.0,133.0,189.0,265.2,1989-02-01,2020-02-29,41.3366,"GARRETT 1 S, IN US",1,METERS,-85.1198
247,GHCND:USC00123207,2019-09-05T00:00:00,0.0,0.0,0.0,206.0,83.0,189.0,265.2,1989-02-01,2020-02-29,41.3366,"GARRETT 1 S, IN US",1,METERS,-85.1198
248,GHCND:USC00123207,2019-09-06T00:00:00,0.0,0.0,0.0,194.0,94.0,183.0,265.2,1989-02-01,2020-02-29,41.3366,"GARRETT 1 S, IN US",1,METERS,-85.1198
249,GHCND:USC00123207,2019-09-07T00:00:00,0.0,0.0,0.0,261.0,128.0,200.0,265.2,1989-02-01,2020-02-29,41.3366,"GARRETT 1 S, IN US",1,METERS,-85.1198
250,GHCND:USC00123207,2019-09-08T00:00:00,0.0,0.0,0.0,200.0,133.0,156.0,265.2,1989-02-01,2020-02-29,41.3366,"GARRETT 1 S, IN US",1,METERS,-85.1198
251,GHCND:USC00123207,2019-09-09T00:00:00,0.0,0.0,0.0,244.0,106.0,222.0,265.2,1989-02-01,2020-02-29,41.3366,"GARRETT 1 S, IN US",1,METERS,-85.1198
252,GHCND:USC00123207,2019-09-10T00:00:00,0.0,0.0,0.0,283.0,133.0,267.0,265.2,1989-02-01,2020-02-29,41.3366,"GARRETT 1 S, IN US",1,METERS,-85.1198
253,GHCND:USC00123207,2019-09-11T00:00:00,0.0,0.0,0.0,300.0,178.0,272.0,265.2,1989-02-01,2020-02-29,41.3366,"GARRETT 1 S, IN US",1,METERS,-85.1198
254,GHCND:USC00123207,2019-09-12T00:00:00,0.0,0.0,0.0,278.0,172.0,267.0,265.2,1989-02-01,2020-02-29,41.3366,"GARRETT 1 S, IN US",1,METERS,-85.1198
255,GHCND:USC00123207,2019-09-13T00:00:00,0.0,0.0,0.0,294.0,172.0,267.0,265.2,1989-02-01,2020-02-29,41.3366,"GARRETT 1 S, IN US",1,METERS,-85.1198
256,GHCND:USC00123207,2019-09-14T00:00:00,0.0,0.0,0.0,267.0,106.0,217.0,265.2,1989-02-01,2020-02-29,41.3366,"GARRETT 1 S, IN US",1,METERS,-85.1198
257,GHCND:USC00123207,2019-09-15T00:00:00,36.0,0.0,0.0,222.0,139.0,217.0,265.2,1989-02-01,2020-02-29,41.3366,"GARRETT 1 S, IN US",1,METERS,-85.1198
258,GHCND:USC00123207,2019-09-16T00:00:00,0.0,0.0,0.0,250.0,144.0,233.0,265.2,1989-02-01,2020-02-29,41.3366,"GARRETT 1 S, IN US",1,METERS,-85.1198
259,GHCND:USC00123207,2019-09-17T00:00:00,0.0,0.0,0.0,244.0,150.0,217.0,265.2,1989-02-01,2020-02-29,41.3366,"GARRETT 1 S, IN US",1,METERS,-85.1198
260,GHCND:USC00123207,2019-09-18T00:00:00,0.0,0.0,0.0,261.0,117.0,233.0,265.2,1989-02-01,2020-02-29,41.3366,"GARRETT 1 S, IN US",1,METERS,-85.1198
261,GHCND:USC00123207,2019-09-19T00:00:00,0.0,0.0,0.0,261.0,106.0,239.0,265.2,1989-02-01,2020-02-29,41.3366,"GARRETT 1 S, IN US",1,METERS,-85.1198
262,GHCND:USC00123207,2019-09-20T00:00:00,0.0,0.0,0.0,283.0,122.0,256.0,265.2,1989-02-01,2020-02-29,41.3366,"GARRETT 1 S, IN US",1,METERS,-85.1198
263,GHCND:USC00123207,2019-09-21T00:00:00,10.0,0.0,0.0,283.0,150.0,256.0,265.2,1989-02-01,2020-02-29,41.3366,"GARRETT 1 S, IN US",1,METERS,-85.1198
264,GHCND:USC00123207,2019-09-22T00:00:00,0.0,0.0,0.0,283.0,183.0,261.0,265.2,1989-02-01,2020-02-29,41.3366,"GARRETT 1 S, IN US",1,METERS,-85.1198
265,GHCND:USC00123207,2019-09-23T00:00:00,114.0,0.0,0.0,261.0,167.0,189.0,265.2,1989-02-01,2020-02-29,41.3366,"GARRETT 1 S, IN US",1,METERS,-85.1198
266,GHCND:USC00123207,2019-09-24T00:00:00,0.0,0.0,0.0,239.0,78.0,217.0,265.2,1989-02-01,2020-02-29,41.3366,"GARRETT 1 S, IN US",1,METERS,-85.1198
267,GHCND:USC00123207,2019-09-25T00:00:00,0.0,0.0,0.0,228.0,111.0,211.0,265.2,1989-02-01,2020-02-29,41.3366,"GARRETT 1 S, IN US",1,METERS,-85.1198
268,GHCND:USC00123207,2019-09-26T00:00:00,0.0,0.0,0.0,217.0,111.0,183.0,265.2,1989-02-01,2020-02-29,41.3366,"GARRETT 1 S, IN US",1,METERS,-85.1198
269,GHCND:USC00123207,2019-09-27T00:00:00,127.0,0.0,0.0,244.0,67.0,167.0,265.2,1989-02-01,2020-02-29,41.3366,"GARRETT 1 S, IN US",1,METERS,-85.1198
270,GHCND:USC00123207,2019-09-28T00:00:00,323.0,0.0,0.0,233.0,156.0,211.0,265.2,1989-02-01,2020-02-29,41.3366,"GARRETT 1 S, IN US",1,METERS,-85.1198
271,GHCND:USC00123207,2019-09-29T00:00:00,51.0,0.0,0.0,217.0,128.0,217.0,265.2,1989-02-01,2020-02-29,41.3366,"GARRETT 1 S, IN US",1,METERS,-85.1198
272,GHCND:USC00123207,2019-09-30T00:00:00,0.0,0.0,0.0,283.0,156.0,267.0,265.2,1989-02-01,2020-02-29,41.3366,"GARRETT 1 S, IN US",1,METERS,-85.1198
273,GHCND:USC00123207,2019-10-01T00:00:00,48.0,0.0,0.0,289.0,167.0,272.0,265.2,1989-02-01,2020-02-29,41.3366,"GARRETT 1 S, IN US",1,METERS,-85.1198
274,GHCND:USC00123207,2019-10-02T00:00:00,0.0,0.0,0.0,278.0,178.0,228.0,265.2,1989-02-01,2020-02-29,41.3366,"GARRETT 1 S, IN US",1,METERS,-85.1198
275,GHCND:USC00123207,2019-10-03T00:00:00,0.0,0.0,0.0,228.0,133.0,172.0,265.2,1989-02-01,2020-02-29,41.3366,"GARRETT 1 S, IN US",1,METERS,-85.1198
276,GHCND:USC00123207,2019-10-04T00:00:00,0.0,0.0,0.0,178.0,67.0,122.0,265.2,1989-02-01,2020-02-29,41.3366,"GARRETT 1 S, IN US",1,METERS,-85.1198
277,GHCND:USC00123207,2019-10-05T00:00:00,0.0,0.0,0.0,183.0,39.0,144.0,265.2,1989-02-01,2020-02-29,41.3366,"GARRETT 1 S, IN US",1,METERS,-85.1198
278,GHCND:USC00123207,2019-10-06T00:00:00,25.0,0.0,0.0,183.0,117.0,167.0,265.2,1989-02-01,2020-02-29,41.3366,"GARRETT 1 S, IN US",1,METERS,-85.1198
279,GHCND:USC00123207,2019-10-07T00:00:00,0.0,0.0,0.0,183.0,67.0,178.0,265.2,1989-02-01,2020-02-29,41.3366,"GARRETT 1 S, IN US",1,METERS,-85.1198
280,GHCND:USC00123207,2019-10-08T00:00:00,0.0,0.0,0.0,178.0,22.0,172.0,265.2,1989-02-01,2020-02-29,41.3366,"GARRETT 1 S, IN US",1,METERS,-85.1198
281,GHCND:USC00123207,2019-10-09T00:00:00,0.0,0.0,0.0,183.0,56.0,178.0,265.2,1989-02-01,2020-02-29,41.3366,"GARRETT 1 S, IN US",1,METERS,-85.1198
282,GHCND:USC00123207,2019-10-10T00:00:00,0.0,0.0,0.0,239.0,83.0,222.0,265.2,1989-02-01,2020-02-29,41.3366,"GARRETT 1 S, IN US",1,METERS,-85.1198
283,GHCND:USC00123207,2019-10-11T00:00:00,38.0,0.0,0.0,228.0,144.0,189.0,265.2,1989-02-01,2020-02-29,41.3366,"GARRETT 1 S, IN US",1,METERS,-85.1198
284,GHCND:USC00123207,2019-10-12T00:00:00,51.0,0.0,0.0,189.0,-6.0,178.0,265.2,1989-02-01,2020-02-29,41.3366,"GARRETT 1 S, IN US",1,METERS,-85.1198
285,GHCND:USC00123207,2019-10-13T00:00:00,0.0,0.0,0.0,178.0,33.0,144.0,265.2,1989-02-01,2020-02-29,41.3366,"GARRETT 1 S, IN US",1,METERS,-85.1198
286,GHCND:USC00123207,2019-10-14T00:00:00,0.0,0.0,0.0,144.0,28.0,94.0,265.2,1989-02-01,2020-02-29,41.3366,"GARRETT 1 S, IN US",1,METERS,-85.1198
287,GHCND:USC00123207,2019-10-15T00:00:00,0.0,0.0,0.0,211.0,0.0,189.0,265.2,1989-02-01,2020-02-29,41.3366,"GARRETT 1 S, IN US",1,METERS,-85.1198
288,GHCND:USC00123207,2019-10-16T00:00:00,25.0,0.0,0.0,189.0,56.0,72.0,265.2,1989-02-01,2020-02-29,41.3366,"GARRETT 1 S, IN US",1,METERS,-85.1198
289,GHCND:USC00123207,2019-10-17T00:00:00,0.0,0.0,0.0,89.0,28.0,89.0,265.2,1989-02-01,2020-02-29,41.3366,"GARRETT 1 S, IN US",1,METERS,-85.1198
290,GHCND:USC00123207,2019-10-18T00:00:00,0.0,0.0,0.0,111.0,-17.0,106.0,265.2,1989-02-01,2020-02-29,41.3366,"GARRETT 1 S, IN US",1,METERS,-85.1198
291,GHCND:USC00123207,2019-10-19T00:00:00,0.0,0.0,0.0,161.0,6.0,150.0,265.2,1989-02-01,2020-02-29,41.3366,"GARRETT 1 S, IN US",1,METERS,-85.1198
292,GHCND:USC00123207,2019-10-20T00:00:00,0.0,0.0,0.0,183.0,6.0,172.0,265.2,1989-02-01,2020-02-29,41.3366,"GARRETT 1 S, IN US",1,METERS,-85.1198
293,GHCND:USC00123207,2019-10-21T00:00:00,114.0,0.0,0.0,172.0,78.0,139.0,265.2,1989-02-01,2020-02-29,41.3366,"GARRETT 1 S, IN US",1,METERS,-85.1198
294,GHCND:USC00123207,2019-10-22T00:00:00,119.0,0.0,0.0,156.0,72.0,78.0,265.2,1989-02-01,2020-02-29,41.3366,"GARRETT 1 S, IN US",1,METERS,-85.1198
295,GHCND:USC00123207,2019-10-23T00:00:00,25.0,0.0,0.0,144.0,11.0,144.0,265.2,1989-02-01,2020-02-29,41.3366,"GARRETT 1 S, IN US",1,METERS,-85.1198
296,GHCND:USC00123207,2019-10-24T00:00:00,0.0,0.0,0.0,144.0,56.0,100.0,265.2,1989-02-01,2020-02-29,41.3366,"GARRETT 1 S, IN US",1,METERS,-85.1198
297,GHCND:USC00123207,2019-10-25T00:00:00,0.0,0.0,0.0,144.0,44.0,78.0,265.2,1989-02-01,2020-02-29,41.3366,"GARRETT 1 S, IN US",1,METERS,-85.1198
298,GHCND:USC00123207,2019-10-26T00:00:00,216.0,0.0,0.0,83.0,0.0,78.0,265.2,1989-02-01,2020-02-29,41.3366,"GARRETT 1 S, IN US",1,METERS,-85.1198
299,GHCND:USC00123207,2019-10-27T00:00:00,185.0,0.0,0.0,144.0,67.0,122.0,265.2,1989-02-01,2020-02-29,41.3366,"GARRETT 1 S, IN US",1,METERS,-85.1198
300,GHCND:USC00123207,2019-10-28T00:00:00,0.0,0.0,0.0,172.0,6.0,156.0,265.2,1989-02-01,2020-02-29,41.3366,"GARRETT 1 S, IN US",1,METERS,-85.1198
301,GHCND:USC00123207,2019-10-29T00:00:00,0.0,0.0,0.0,156.0,72.0,72.0,265.2,1989-02-01,2020-02-29,41.3366,"GARRETT 1 S, IN US",1,METERS,-85.1198
302,GHCND:USC00123207,2019-10-30T00:00:00,102.0,0.0,0.0,72.0,28.0,44.0,265.2,1989-02-01,2020-02-29,41.3366,"GARRETT 1 S, IN US",1,METERS,-85.1198
303,GHCND:USC00123207,2019-10-31T00:00:00,203.0,0.0,0.0,56.0,28.0,28.0,265.2,1989-02-01,2020-02-29,41.3366,"GARRETT 1 S, IN US",1,METERS,-85.1198
304,GHCND:USC00123207,2019-11-01T00:00:00,64.0,0.0,0.0,72.0,-44.0,,265.2,1989-02-01,2020-02-29,41.3366,"GARRETT 1 S, IN US",1,METERS,-85.1198
305,GHCND:USC00123207,2019-11-02T00:00:00,0.0,0.0,0.0,61.0,0.0,,265.2,1989-02-01,2020-02-29,41.3366,"GARRETT 1 S, IN US",1,METERS,-85.1198
306,GHCND:USC00123207,2019-11-03T00:00:00,0.0,0.0,0.0,83.0,-33.0,,265.2,1989-02-01,2020-02-29,41.3366,"GARRETT 1 S, IN US",1,METERS,-85.1198
307,GHCND:USC00123207,2019-11-04T00:00:00,0.0,0.0,0.0,111.0,44.0,,265.2,1989-02-01,2020-02-29,41.3366,"GARRETT 1 S, IN US",1,METERS,-85.1198
308,GHCND:USC00123207,2019-11-05T00:00:00,0.0,0.0,0.0,94.0,0.0,,265.2,1989-02-01,2020-02-29,41.3366,"GARRETT 1 S, IN US",1,METERS,-85.1198
309,GHCND:USC00123207,2019-11-06T00:00:00,0.0,0.0,0.0,106.0,-50.0,,265.2,1989-02-01,2020-02-29,41.3366,"GARRETT 1 S, IN US",1,METERS,-85.1198
310,GHCND:USC00123207,2019-11-07T00:00:00,0.0,0.0,0.0,100.0,-17.0,,265.2,1989-02-01,2020-02-29,41.3366,"GARRETT 1 S, IN US",1,METERS,-85.1198
311,GHCND:USC00123207,2019-11-08T00:00:00,0.0,0.0,0.0,11.0,-83.0,,265.2,1989-02-01,2020-02-29,41.3366,"GARRETT 1 S, IN US",1,METERS,-85.1198
312,GHCND:USC00123207,2019-11-09T00:00:00,0.0,0.0,0.0,67.0,-61.0,,265.2,1989-02-01,2020-02-29,41.3366,"GARRETT 1 S, IN US",1,METERS,-85.1198
313,GHCND:USC00123207,2019-11-10T00:00:00,0.0,0.0,0.0,94.0,6.0,,265.2,1989-02-01,2020-02-29,41.3366,"GARRETT 1 S, IN US",1,METERS,-85.1198
314,GHCND:USC00123207,2019-11-11T00:00:00,25.0,46.0,25.0,67.0,-50.0,,265.2,1989-02-01,2020-02-29,41.3366,"GARRETT 1 S, IN US",1,METERS,-85.1198
315,GHCND:USC00123207,2019-11-12T00:00:00,46.0,46.0,76.0,-44.0,-94.0,,265.2,1989-02-01,2020-02-29,41.3366,"GARRETT 1 S, IN US",1,METERS,-85.1198
316,GHCND:USC00123207,2019-11-13T00:00:00,0.0,25.0,102.0,-61.0,-156.0,,265.2,1989-02-01,2020-02-29,41.3366,"GARRETT 1 S, IN US",1,METERS,-85.1198
317,GHCND:USC00123207,2019-11-14T00:00:00,0.0,13.0,76.0,0.0,-72.0,,265.2,1989-02-01,2020-02-29,41.3366,"GARRETT 1 S, IN US",1,METERS,-85.1198
318,GHCND:USC00123207,2019-11-15T00:00:00,0.0,0.0,51.0,33.0,-72.0,,265.2,1989-02-01,2020-02-29,41.3366,"GARRETT 1 S, IN US",1,METERS,-85.1198
319,GHCND:USC00123207,2019-11-16T00:00:00,0.0,0.0,25.0,28.0,0.0,,265.2,1989-02-01,2020-02-29,41.3366,"GARRETT 1 S, IN US",1,METERS,-85.1198
320,GHCND:USC00123207,2019-11-17T00:00:00,0.0,0.0,0.0,44.0,-72.0,,265.2,1989-02-01,2020-02-29,41.3366,"GARRETT 1 S, IN US",1,METERS,-85.1198
321,GHCND:USC00123207,2019-11-18T00:00:00,0.0,0.0,0.0,89.0,-33.0,,265.2,1989-02-01,2020-02-29,41.3366,"GARRETT 1 S, IN US",1,METERS,-85.1198
322,GHCND:USC00123207,2019-11-19T00:00:00,0.0,0.0,0.0,56.0,0.0,,265.2,1989-02-01,2020-02-29,41.3366,"GARRETT 1 S, IN US",1,METERS,-85.1198
323,GHCND:USC00123207,2019-11-20T00:00:00,0.0,0.0,0.0,56.0,-6.0,,265.2,1989-02-01,2020-02-29,41.3366,"GARRETT 1 S, IN US",1,METERS,-85.1198
324,GHCND:USC00123207,2019-11-21T00:00:00,13.0,0.0,0.0,89.0,22.0,,265.2,1989-02-01,2020-02-29,41.3366,"GARRETT 1 S, IN US",1,METERS,-85.1198
325,GHCND:USC00123207,2019-11-22T00:00:00,0.0,0.0,0.0,94.0,6.0,,265.2,1989-02-01,2020-02-29,41.3366,"GARRETT 1 S, IN US",1,METERS,-85.1198
326,GHCND:USC00123207,2019-11-23T00:00:00,0.0,0.0,0.0,11.0,-83.0,,265.2,1989-02-01,2020-02-29,41.3366,"GARRETT 1 S, IN US",1,METERS,-85.1198
327,GHCND:USC00123207,2019-11-24T00:00:00,0.0,0.0,0.0,72.0,-39.0,,265.2,1989-02-01,2020-02-29,41.3366,"GARRETT 1 S, IN US",1,METERS,-85.1198
328,GHCND:USC00123207,2019-11-25T00:00:00,0.0,0.0,0.0,100.0,0.0,,265.2,1989-02-01,2020-02-29,41.3366,"GARRETT 1 S, IN US",1,METERS,-85.1198
329,GHCND:USC00123207,2019-11-26T00:00:00,0.0,0.0,0.0,83.0,-22.0,,265.2,1989-02-01,2020-02-29,41.3366,"GARRETT 1 S, IN US",1,METERS,-85.1198
330,GHCND:USC00123207,2019-11-27T00:00:00,249.0,0.0,0.0,106.0,22.0,,265.2,1989-02-01,2020-02-29,41.3366,"GARRETT 1 S, IN US",1,METERS,-85.1198
331,GHCND:USC00123207,2019-11-28T00:00:00,0.0,0.0,0.0,28.0,0.0,,265.2,1989-02-01,2020-02-29,41.3366,"GARRETT 1 S, IN US",1,METERS,-85.1198
332,GHCND:USC00123207,2019-11-29T00:00:00,0.0,0.0,0.0,22.0,-11.0,,265.2,1989-02-01,2020-02-29,41.3366,"GARRETT 1 S, IN US",1,METERS,-85.1198
333,GHCND:USC00123207,2019-11-30T00:00:00,0.0,0.0,0.0,17.0,-6.0,,265.2,1989-02-01,2020-02-29,41.3366,"GARRETT 1 S, IN US",1,METERS,-85.1198
334,GHCND:USC00123207,2019-12-01T00:00:00,124.0,0.0,0.0,44.0,6.0,17.0,265.2,1989-02-01,2020-02-29,41.3366,"GARRETT 1 S, IN US",1,METERS,-85.1198
335,GHCND:USC00123207,2019-12-02T00:00:00,10.0,0.0,0.0,17.0,-6.0,0.0,265.2,1989-02-01,2020-02-29,41.3366,"GARRETT 1 S, IN US",1,METERS,-85.1198
336,GHCND:USC00123207,2019-12-03T00:00:00,0.0,5.0,0.0,0.0,-22.0,0.0,265.2,1989-02-01,2020-02-29,41.3366,"GARRETT 1 S, IN US",1,METERS,-85.1198
337,GHCND:USC00123207,2019-12-04T00:00:00,0.0,0.0,0.0,33.0,-22.0,17.0,265.2,1989-02-01,2020-02-29,41.3366,"GARRETT 1 S, IN US",1,METERS,-85.1198
338,GHCND:USC00123207,2019-12-05T00:00:00,0.0,0.0,0.0,61.0,-39.0,39.0,265.2,1989-02-01,2020-02-29,41.3366,"GARRETT 1 S, IN US",1,METERS,-85.1198
339,GHCND:USC00123207,2019-12-06T00:00:00,0.0,0.0,0.0,44.0,11.0,11.0,265.2,1989-02-01,2020-02-29,41.3366,"GARRETT 1 S, IN US",1,METERS,-85.1198
340,GHCND:USC00123207,2019-12-07T00:00:00,0.0,0.0,0.0,17.0,-94.0,17.0,265.2,1989-02-01,2020-02-29,41.3366,"GARRETT 1 S, IN US",1,METERS,-85.1198
341,GHCND:USC00123207,2019-12-08T00:00:00,0.0,0.0,0.0,83.0,-33.0,72.0,265.2,1989-02-01,2020-02-29,41.3366,"GARRETT 1 S, IN US",1,METERS,-85.1198
342,GHCND:USC00123207,2019-12-09T00:00:00,127.0,0.0,0.0,78.0,61.0,78.0,265.2,1989-02-01,2020-02-29,41.3366,"GARRETT 1 S, IN US",1,METERS,-85.1198
343,GHCND:USC00123207,2019-12-10T00:00:00,0.0,0.0,0.0,78.0,-67.0,-67.0,265.2,1989-02-01,2020-02-29,41.3366,"GARRETT 1 S, IN US",1,METERS,-85.1198
344,GHCND:USC00123207,2019-12-11T00:00:00,0.0,0.0,0.0,-56.0,-106.0,-61.0,265.2,1989-02-01,2020-02-29,41.3366,"GARRETT 1 S, IN US",1,METERS,-85.1198
345,GHCND:USC00123207,2019-12-12T00:00:00,0.0,0.0,0.0,22.0,-122.0,17.0,265.2,1989-02-01,2020-02-29,41.3366,"GARRETT 1 S, IN US",1,METERS,-85.1198
346,GHCND:USC00123207,2019-12-13T00:00:00,0.0,0.0,0.0,56.0,-39.0,39.0,265.2,1989-02-01,2020-02-29,41.3366,"GARRETT 1 S, IN US",1,METERS,-85.1198
347,GHCND:USC00123207,2019-12-14T00:00:00,0.0,0.0,0.0,39.0,-11.0,28.0,265.2,1989-02-01,2020-02-29,41.3366,"GARRETT 1 S, IN US",1,METERS,-85.1198
348,GHCND:USC00123207,2019-12-15T00:00:00,0.0,0.0,0.0,33.0,-44.0,-33.0,265.2,1989-02-01,2020-02-29,41.3366,"GARRETT 1 S, IN US",1,METERS,-85.1198
349,GHCND:USC00123207,2019-12-16T00:00:00,0.0,15.0,0.0,-17.0,-50.0,-17.0,265.2,1989-02-01,2020-02-29,41.3366,"GARRETT 1 S, IN US",1,METERS,-85.1198
350,GHCND:USC00123207,2019-12-17T00:00:00,0.0,5.0,0.0,-6.0,-44.0,-6.0,265.2,1989-02-01,2020-02-29,41.3366,"GARRETT 1 S, IN US",1,METERS,-85.1198
351,GHCND:USC00123207,2019-12-18T00:00:00,3.0,0.0,0.0,-6.0,-78.0,-78.0,265.2,1989-02-01,2020-02-29,41.3366,"GARRETT 1 S, IN US",1,METERS,-85.1198
352,GHCND:USC00123207,2019-12-19T00:00:00,0.0,0.0,0.0,-6.0,-128.0,-6.0,265.2,1989-02-01,2020-02-29,41.3366,"GARRETT 1 S, IN US",1,METERS,-85.1198
353,GHCND:USC00123207,2019-12-20T00:00:00,0.0,0.0,0.0,0.0,-106.0,-17.0,265.2,1989-02-01,2020-02-29,41.3366,"GARRETT 1 S, IN US",1,METERS,-85.1198
354,GHCND:USC00123207,2019-12-21T00:00:00,0.0,0.0,0.0,67.0,-61.0,67.0,265.2,1989-02-01,2020-02-29,41.3366,"GARRETT 1 S, IN US",1,METERS,-85.1198
355,GHCND:USC00123207,2019-12-22T00:00:00,0.0,0.0,0.0,106.0,-44.0,100.0,265.2,1989-02-01,2020-02-29,41.3366,"GARRETT 1 S, IN US",1,METERS,-85.1198
356,GHCND:USC00123207,2019-12-23T00:00:00,0.0,0.0,0.0,111.0,-44.0,44.0,265.2,1989-02-01,2020-02-29,41.3366,"GARRETT 1 S, IN US",1,METERS,-85.1198
357,GHCND:USC00123207,2019-12-24T00:00:00,0.0,0.0,0.0,44.0,-50.0,-6.0,265.2,1989-02-01,2020-02-29,41.3366,"GARRETT 1 S, IN US",1,METERS,-85.1198
358,GHCND:USC00123207,2019-12-25T00:00:00,0.0,0.0,0.0,139.0,-6.0,117.0,265.2,1989-02-01,2020-02-29,41.3366,"GARRETT 1 S, IN US",1,METERS,-85.1198
359,GHCND:USC00123207,2019-12-26T00:00:00,0.0,0.0,0.0,167.0,28.0,139.0,265.2,1989-02-01,2020-02-29,41.3366,"GARRETT 1 S, IN US",1,METERS,-85.1198
360,GHCND:USC00123207,2019-12-27T00:00:00,0.0,0.0,0.0,139.0,22.0,28.0,265.2,1989-02-01,2020-02-29,41.3366,"GARRETT 1 S, IN US",1,METERS,-85.1198
361,GHCND:USC00123207,2019-12-28T00:00:00,0.0,0.0,0.0,44.0,-22.0,39.0,265.2,1989-02-01,2020-02-29,41.3366,"GARRETT 1 S, IN US",1,METERS,-85.1198
362,GHCND:USC00123207,2019-12-29T00:00:00,292.0,0.0,0.0,144.0,28.0,133.0,265.2,1989-02-01,2020-02-29,41.3366,"GARRETT 1 S, IN US",1,METERS,-85.1198
363,GHCND:USC00123207,2019-12-30T00:00:00,254.0,0.0,0.0,133.0,-11.0,-11.0,265.2,1989-02-01,2020-02-29,41.3366,"GARRETT 1 S, IN US",1,METERS,-85.1198
364,GHCND:USC00123207,2019-12-31T00:00:00,25.0,25.0,25.0,-11.0,-44.0,-44.0,265.2,1989-02-01,2020-02-29,41.3366,"GARRETT 1 S, IN US",1,METERS,-85.1198
