,station,date,DAPR,MDPR,PRCP,SNOW,SNWD,WESD,WESF,elevation,mindate,maxdate,latitude,name,datacoverage,elevationUnit,longitude
0,GHCND:US1INAL0005,2019-01-01T00:00:00,,,251.0,0.0,0.0,0.0,0.0,257.9,1998-06-01,2020-03-22,41.21444,"HUNTERTOWN 2.6 ESE, IN US",0.9439,METERS,-85.12422
1,GHCND:US1INAL0005,2019-01-02T00:00:00,,,0.0,0.0,0.0,0.0,0.0,257.9,1998-06-01,2020-03-22,41.21444,"HUNTERTOWN 2.6 ESE, IN US",0.9439,METERS,-85.12422
2,GHCND:US1INAL0005,2019-01-03T00:00:00,,,0.0,0.0,0.0,0.0,0.0,257.9,1998-06-01,2020-03-22,41.21444,"HUNTERTOWN 2.6 ESE, IN US",0.9439,METERS,-85.12422
3,GHCND:US1INAL0005,2019-01-04T00:00:00,,,0.0,0.0,0.0,0.0,0.0,257.9,1998-06-01,2020-03-22,41.21444,"HUNTERTOWN 2.6 ESE, IN US",0.9439,METERS,-85.12422
4,GHCND:US1INAL0005,2019-01-05T00:00:00,,,0.0,0.0,0.0,0.0,0.0,257.9,1998-06-01,2020-03-22,41.21444,"HUNTERTOWN 2.6 ESE, IN US",0.9439,METERS,-85.12422
5,GHCND:US1INAL0005,2019-01-06T00:00:00,,,0.0,0.0,0.0,0.0,0.0,257.9,1998-06-01,2020-03-22,41.21444,"HUNTERTOWN 2.6 ESE, IN US",0.9439,METERS,-85.12422
6,GHCND:US1INAL0005,2019-01-07T00:00:00,,,0.0,0.0,0.0,0.0,0.0,257.9,1998-06-01,2020-03-22,41.21444,"HUNTERTOWN 2.6 ESE, IN US",0.9439,METERS,-85.12422
7,GHCND:US1INAL0005,2019-01-08T00:00:00,,,18.0,0.0,0.0,0.0,0.0,257.9,1998-06-01,2020-03-22,41.21444,"HUNTERTOWN 2.6 ESE, IN US",0.9439,METERS,-85.12422
8,GHCND:US1INAL0005,2019-01-09T00:00:00,,,3.0,3.0,3.0,,,257.9,1998-06-01,2020-03-22,41.21444,"HUNTERTOWN 2.6 ESE, IN US",0.9439,METERS,-85.12422
9,GHCND:US1INAL0005,2019-01-10T00:00:00,,,3.0,0.0,0.0,,,257.9,1998-06-01,2020-03-22,41.21444,"HUNTERTOWN 2.6 ESE, IN US",0.9439,METERS,-85.12422
10,GHCND:US1INAL0005,2019-01-11T00:00:00,,,0.0,0.0,0.0,0.0,0.0,257.9,1998-06-01,2020-03-22,41.21444,"HUNTERTOWN 2.6 ESE, IN US",0.9439,METERS,-85.12422
11,GHCND:US1INAL0005,2019-01-12T00:00:00,,,0.0,0.0,0.0,0.0,0.0,257.9,1998-06-01,2020-03-22,41.21444,"HUNTERTOWN 2.6 ESE, IN US",0.9439,METERS,-85.12422
12,GHCND:US1INAL0005,2019-01-13T00:00:00,,,58.0,84.0,89.0,91.0,91.0,257.9,1998-06-01,2020-03-22,41.21444,"HUNTERTOWN 2.6 ESE, IN US",0.9439,METERS,-85.12422
13,GHCND:US1INAL0005,2019-01-14T00:00:00,,,0.0,0.0,76.0,91.0,0.0,257.9,1998-06-01,2020-03-22,41.21444,"HUNTERTOWN 2.6 ESE, IN US",0.9439,METERS,-85.12422
14,GHCND:US1INAL0005,2019-01-15T00:00:00,,,0.0,0.0,64.0,89.0,,257.9,1998-06-01,2020-03-22,41.21444,"HUNTERTOWN 2.6 ESE, IN US",0.9439,METERS,-85.12422
15,GHCND:US1INAL0005,2019-01-16T00:00:00,,,0.0,0.0,64.0,97.0,,257.9,1998-06-01,2020-03-22,41.21444,"HUNTERTOWN 2.6 ESE, IN US",0.9439,METERS,-85.12422
16,GHCND:US1INAL0005,2019-01-17T00:00:00,,,0.0,0.0,51.0,86.0,0.0,257.9,1998-06-01,2020-03-22,41.21444,"HUNTERTOWN 2.6 ESE, IN US",0.9439,METERS,-85.12422
17,GHCND:US1INAL0005,2019-01-18T00:00:00,,,28.0,25.0,76.0,124.0,28.0,257.9,1998-06-01,2020-03-22,41.21444,"HUNTERTOWN 2.6 ESE, IN US",0.9439,METERS,-85.12422
18,GHCND:US1INAL0005,2019-01-19T00:00:00,,,15.0,25.0,102.0,152.0,18.0,257.9,1998-06-01,2020-03-22,41.21444,"HUNTERTOWN 2.6 ESE, IN US",0.9439,METERS,-85.12422
19,GHCND:US1INAL0005,2019-01-20T00:00:00,,,66.0,127.0,178.0,246.0,196.0,257.9,1998-06-01,2020-03-22,41.21444,"HUNTERTOWN 2.6 ESE, IN US",0.9439,METERS,-85.12422
20,GHCND:US1INAL0005,2019-01-21T00:00:00,,,0.0,0.0,178.0,249.0,0.0,257.9,1998-06-01,2020-03-22,41.21444,"HUNTERTOWN 2.6 ESE, IN US",0.9439,METERS,-85.12422
21,GHCND:US1INAL0005,2019-01-22T00:00:00,,,0.0,0.0,165.0,269.0,0.0,257.9,1998-06-01,2020-03-22,41.21444,"HUNTERTOWN 2.6 ESE, IN US",0.9439,METERS,-85.12422
22,GHCND:US1INAL0005,2019-01-23T00:00:00,,,152.0,0.0,102.0,295.0,0.0,257.9,1998-06-01,2020-03-22,41.21444,"HUNTERTOWN 2.6 ESE, IN US",0.9439,METERS,-85.12422
23,GHCND:US1INAL0005,2019-01-24T00:00:00,,,20.0,,64.0,147.0,,257.9,1998-06-01,2020-03-22,41.21444,"HUNTERTOWN 2.6 ESE, IN US",0.9439,METERS,-85.12422
24,GHCND:US1INAL0005,2019-01-25T00:00:00,,,0.0,0.0,51.0,137.0,0.0,257.9,1998-06-01,2020-03-22,41.21444,"HUNTERTOWN 2.6 ESE, IN US",0.9439,METERS,-85.12422
25,GHCND:US1INAL0005,2019-01-26T00:00:00,,,8.0,13.0,,,,257.9,1998-06-01,2020-03-22,41.21444,"HUNTERTOWN 2.6 ESE, IN US",0.9439,METERS,-85.12422
26,GHCND:US1INAL0005,2019-01-27T00:00:00,,,25.0,51.0,102.0,152.0,25.0,257.9,1998-06-01,2020-03-22,41.21444,"HUNTERTOWN 2.6 ESE, IN US",0.9439,METERS,-85.12422
27,GHCND:US1INAL0005,2019-01-28T00:00:00,,,3.0,,,,,257.9,1998-06-01,2020-03-22,41.21444,"HUNTERTOWN 2.6 ESE, IN US",0.9439,METERS,-85.12422
28,GHCND:US1INAL0005,2019-01-29T00:00:00,,,43.0,,,,,257.9,1998-06-01,2020-03-22,41.21444,"HUNTERTOWN 2.6 ESE, IN US",0.9439,METERS,-85.12422
29,GHCND:US1INAL0005,2019-01-31T00:00:00,,,0.0,0.0,,,,257.9,1998-06-01,2020-03-22,41.21444,"HUNTERTOWN 2.6 ESE, IN US",0.9439,METERS,-85.12422
30,GHCND:US1INAL0005,2019-02-01T00:00:00,,,25.0,76.0,152.0,208.0,25.0,257.9,1998-06-01,2020-03-22,41.21444,"HUNTERTOWN 2.6 ESE, IN US",0.9439,METERS,-85.12422
31,GHCND:US1INAL0005,2019-02-02T00:00:00,,,0.0,0.0,127.0,231.0,,257.9,1998-06-01,2020-03-22,41.21444,"HUNTERTOWN 2.6 ESE, IN US",0.9439,METERS,-85.12422
32,GHCND:US1INAL0005,2019-02-03T00:00:00,,,0.0,0.0,102.0,,0.0,257.9,1998-06-01,2020-03-22,41.21444,"HUNTERTOWN 2.6 ESE, IN US",0.9439,METERS,-85.12422
33,GHCND:US1INAL0005,2019-02-04T00:00:00,,,0.0,0.0,25.0,112.0,0.0,257.9,1998-06-01,2020-03-22,41.21444,"HUNTERTOWN 2.6 ESE, IN US",0.9439,METERS,-85.12422
34,GHCND:US1INAL0005,2019-02-05T00:00:00,,,23.0,0.0,0.0,0.0,0.0,257.9,1998-06-01,2020-03-22,41.21444,"HUNTERTOWN 2.6 ESE, IN US",0.9439,METERS,-85.12422
35,GHCND:US1INAL0005,2019-02-06T00:00:00,,,130.0,0.0,0.0,0.0,0.0,257.9,1998-06-01,2020-03-22,41.21444,"HUNTERTOWN 2.6 ESE, IN US",0.9439,METERS,-85.12422
36,GHCND:US1INAL0005,2019-02-07T00:00:00,,,8.0,0.0,0.0,0.0,0.0,257.9,1998-06-01,2020-03-22,41.21444,"HUNTERTOWN 2.6 ESE, IN US",0.9439,METERS,-85.12422
37,GHCND:US1INAL0005,2019-02-08T00:00:00,,,25.0,0.0,0.0,0.0,0.0,257.9,1998-06-01,2020-03-22,41.21444,"HUNTERTOWN 2.6 ESE, IN US",0.9439,METERS,-85.12422
38,GHCND:US1INAL0005,2019-02-09T00:00:00,,,0.0,0.0,0.0,,,257.9,1998-06-01,2020-03-22,41.21444,"HUNTERTOWN 2.6 ESE, IN US",0.9439,METERS,-85.12422
39,GHCND:US1INAL0005,2019-02-10T00:00:00,,,0.0,0.0,0.0,0.0,0.0,257.9,1998-06-01,2020-03-22,41.21444,"HUNTERTOWN 2.6 ESE, IN US",0.9439,METERS,-85.12422
40,GHCND:US1INAL0005,2019-02-11T00:00:00,,,30.0,33.0,38.0,46.0,46.0,257.9,1998-06-01,2020-03-22,41.21444,"HUNTERTOWN 2.6 ESE, IN US",0.9439,METERS,-85.12422
41,GHCND:US1INAL0005,2019-02-12T00:00:00,,,127.0,,,,,257.9,1998-06-01,2020-03-22,41.21444,"HUNTERTOWN 2.6 ESE, IN US",0.9439,METERS,-85.12422
42,GHCND:US1INAL0005,2019-02-13T00:00:00,,,10.0,,,,,257.9,1998-06-01,2020-03-22,41.21444,"HUNTERTOWN 2.6 ESE, IN US",0.9439,METERS,-85.12422
43,GHCND:US1INAL0005,2019-02-14T00:00:00,,,0.0,0.0,,,,257.9,1998-06-01,2020-03-22,41.21444,"HUNTERTOWN 2.6 ESE, IN US",0.9439,METERS,-85.12422
44,GHCND:US1INAL0005,2019-02-15T00:00:00,,,0.0,0.0,0.0,0.0,0.0,257.9,1998-06-01,2020-03-22,41.21444,"HUNTERTOWN 2.6 ESE, IN US",0.9439,METERS,-85.12422
45,GHCND:US1INAL0005,2019-02-16T00:00:00,,,0.0,0.0,0.0,0.0,0.0,257.9,1998-06-01,2020-03-22,41.21444,"HUNTERTOWN 2.6 ESE, IN US",0.9439,METERS,-85.12422
46,GHCND:US1INAL0005,2019-02-17T00:00:00,,,0.0,0.0,0.0,0.0,0.0,257.9,1998-06-01,2020-03-22,41.21444,"HUNTERTOWN 2.6 ESE, IN US",0.9439,METERS,-85.12422
47,GHCND:US1INAL0005,2019-02-18T00:00:00,,,10.0,8.0,8.0,,,257.9,1998-06-01,2020-03-22,41.21444,"HUNTERTOWN 2.6 ESE, IN US",0.9439,METERS,-85.12422
48,GHCND:US1INAL0005,2019-02-19T00:00:00,,,0.0,0.0,0.0,,0.0,257.9,1998-06-01,2020-03-22,41.21444,"HUNTERTOWN 2.6 ESE, IN US",0.9439,METERS,-85.12422
49,GHCND:US1INAL0005,2019-02-20T00:00:00,,,25.0,38.0,38.0,,,257.9,1998-06-01,2020-03-22,41.21444,"HUNTERTOWN 2.6 ESE, IN US",0.9439,METERS,-85.12422
50,GHCND:US1INAL0005,2019-02-21T00:00:00,,,10.0,,13.0,,,257.9,1998-06-01,2020-03-22,41.21444,"HUNTERTOWN 2.6 ESE, IN US",0.9439,METERS,-85.12422
51,GHCND:US1INAL0005,2019-02-22T00:00:00,,,0.0,0.0,0.0,0.0,0.0,257.9,1998-06-01,2020-03-22,41.21444,"HUNTERTOWN 2.6 ESE, IN US",0.9439,METERS,-85.12422
52,GHCND:US1INAL0005,2019-02-23T00:00:00,,,0.0,0.0,0.0,0.0,0.0,257.9,1998-06-01,2020-03-22,41.21444,"HUNTERTOWN 2.6 ESE, IN US",0.9439,METERS,-85.12422
53,GHCND:US1INAL0005,2019-02-24T00:00:00,,,81.0,0.0,0.0,0.0,0.0,257.9,1998-06-01,2020-03-22,41.21444,"HUNTERTOWN 2.6 ESE, IN US",0.9439,METERS,-85.12422
54,GHCND:US1INAL0005,2019-02-25T00:00:00,,,3.0,0.0,0.0,0.0,0.0,257.9,1998-06-01,2020-03-22,41.21444,"HUNTERTOWN 2.6 ESE, IN US",0.9439,METERS,-85.12422
55,GHCND:US1INAL0005,2019-02-26T00:00:00,,,0.0,0.0,0.0,0.0,0.0,257.9,1998-06-01,2020-03-22,41.21444,"HUNTERTOWN 2.6 ESE, IN US",0.9439,METERS,-85.12422
56,GHCND:US1INAL0005,2019-02-27T00:00:00,,,0.0,0.0,0.0,0.0,0.0,257.9,1998-06-01,2020-03-22,41.21444,"HUNTERTOWN 2.6 ESE, IN US",0.9439,METERS,-85.12422
57,GHCND:US1INAL0005,2019-02-28T00:00:00,,,0.0,,,,,257.9,1998-06-01,2020-03-22,41.21444,"HUNTERTOWN 2.6 ESE, IN US",0.9439,METERS,-85.12422
58,GHCND:US1INAL0005,2019-03-01T00:00:00,,,0.0,0.0,0.0,0.0,0.0,257.9,1998-06-01,2020-03-22,41.21444,"HUNTERTOWN 2.6 ESE, IN US",0.9439,METERS,-85.12422
59,GHCND:US1INAL0005,2019-03-02T00:00:00,,,0.0,0.0,0.0,0.0,0.0,257.9,1998-06-01,2020-03-22,41.21444,"HUNTERTOWN 2.6 ESE, IN US",0.9439,METERS,-85.12422
60,GHCND:US1INAL0005,2019-03-03T00:00:00,,,0.0,0.0,0.0,0.0,0.0,257.9,1998-06-01,2020-03-22,41.21444,"HUNTERTOWN 2.6 ESE, IN US",0.9439,METERS,-85.12422
61,GHCND:US1INAL0005,2019-03-04T00:00:00,,,8.0,,,,,257.9,1998-06-01,2020-03-22,41.21444,"HUNTERTOWN 2.6 ESE, IN US",0.9439,METERS,-85.12422
62,GHCND:US1INAL0005,2019-03-05T00:00:00,,,0.0,0.0,0.0,,,257.9,1998-06-01,2020-03-22,41.21444,"HUNTERTOWN 2.6 ESE, IN US",0.9439,METERS,-85.12422
63,GHCND:US1INAL0005,2019-03-06T00:00:00,,,0.0,0.0,0.0,0.0,0.0,257.9,1998-06-01,2020-03-22,41.21444,"HUNTERTOWN 2.6 ESE, IN US",0.9439,METERS,-85.12422
64,GHCND:US1INAL0005,2019-03-07T00:00:00,,,0.0,0.0,0.0,,0.0,257.9,1998-06-01,2020-03-22,41.21444,"HUNTERTOWN 2.6 ESE, IN US",0.9439,METERS,-85.12422
65,GHCND:US1INAL0005,2019-03-08T00:00:00,,,0.0,0.0,0.0,0.0,0.0,257.9,1998-06-01,2020-03-22,41.21444,"HUNTERTOWN 2.6 ESE, IN US",0.9439,METERS,-85.12422
66,GHCND:US1INAL0005,2019-03-09T00:00:00,,,0.0,0.0,0.0,0.0,0.0,257.9,1998-06-01,2020-03-22,41.21444,"HUNTERTOWN 2.6 ESE, IN US",0.9439,METERS,-85.12422
67,GHCND:US1INAL0005,2019-03-10T00:00:00,,,254.0,0.0,0.0,0.0,0.0,257.9,1998-06-01,2020-03-22,41.21444,"HUNTERTOWN 2.6 ESE, IN US",0.9439,METERS,-85.12422
68,GHCND:US1INAL0005,2019-03-11T00:00:00,,,0.0,0.0,0.0,0.0,0.0,257.9,1998-06-01,2020-03-22,41.21444,"HUNTERTOWN 2.6 ESE, IN US",0.9439,METERS,-85.12422
69,GHCND:US1INAL0005,2019-03-12T00:00:00,,,0.0,0.0,0.0,0.0,0.0,257.9,1998-06-01,2020-03-22,41.21444,"HUNTERTOWN 2.6 ESE, IN US",0.9439,METERS,-85.12422
70,GHCND:US1INAL0005,2019-03-13T00:00:00,,,0.0,0.0,0.0,0.0,0.0,257.9,1998-06-01,2020-03-22,41.21444,"HUNTERTOWN 2.6 ESE, IN US",0.9439,METERS,-85.12422
71,GHCND:US1INAL0005,2019-03-14T00:00:00,,,28.0,0.0,0.0,0.0,0.0,257.9,1998-06-01,2020-03-22,41.21444,"HUNTERTOWN 2.6 ESE, IN US",0.9439,METERS,-85.12422
72,GHCND:US1INAL0005,2019-03-15T00:00:00,,,170.0,0.0,0.0,0.0,0.0,257.9,1998-06-01,2020-03-22,41.21444,"HUNTERTOWN 2.6 ESE, IN US",0.9439,METERS,-85.12422
73,GHCND:US1INAL0005,2019-03-16T00:00:00,,,13.0,0.0,0.0,0.0,0.0,257.9,1998-06-01,2020-03-22,41.21444,"HUNTERTOWN 2.6 ESE, IN US",0.9439,METERS,-85.12422
74,GHCND:US1INAL0005,2019-03-17T00:00:00,,,0.0,0.0,0.0,0.0,0.0,257.9,1998-06-01,2020-03-22,41.21444,"HUNTERTOWN 2.6 ESE, IN US",0.9439,METERS,-85.12422
75,GHCND:US1INAL0005,2019-03-18T00:00:00,,,20.0,,,,,257.9,1998-06-01,2020-03-22,41.21444,"HUNTERTOWN 2.6 ESE, IN US",0.9439,METERS,-85.12422
76,GHCND:US1INAL0005,2019-03-19T00:00:00,,,0.0,0.0,0.0,0.0,0.0,257.9,1998-06-01,2020-03-22,41.21444,"HUNTERTOWN 2.6 ESE, IN US",0.9439,METERS,-85.12422
77,GHCND:US1INAL0005,2019-03-20T00:00:00,,,0.0,0.0,0.0,0.0,0.0,257.9,1998-06-01,2020-03-22,41.21444,"HUNTERTOWN 2.6 ESE, IN US",0.9439,METERS,-85.12422
78,GHCND:US1INAL0005,2019-03-21T00:00:00,,,48.0,0.0,0.0,0.0,0.0,257.9,1998-06-01,2020-03-22,41.21444,"HUNTERTOWN 2.6 ESE, IN US",0.9439,METERS,-85.12422
79,GHCND:US1INAL0005,2019-03-22T00:00:00,,,0.0,0.0,0.0,0.0,0.0,257.9,1998-06-01,2020-03-22,41.21444,"HUNTERTOWN 2.6 ESE, IN US",0.9439,METERS,-85.12422
80,GHCND:US1INAL0005,2019-03-23T00:00:00,,,0.0,0.0,0.0,0.0,0.0,257.9,1998-06-01,2020-03-22,41.21444,"HUNTERTOWN 2.6 ESE, IN US",0.9439,METERS,-85.12422
81,GHCND:US1INAL0005,2019-03-24T00:00:00,,,0.0,0.0,0.0,0.0,0.0,257.9,1998-06-01,2020-03-22,41.21444,"HUNTERTOWN 2.6 ESE, IN US",0.9439,METERS,-85.12422
82,GHCND:US1INAL0005,2019-03-25T00:00:00,,,20.0,0.0,0.0,0.0,0.0,257.9,1998-06-01,2020-03-22,41.21444,"HUNTERTOWN 2.6 ESE, IN US",0.9439,METERS,-85.12422
83,GHCND:US1INAL0005,2019-03-26T00:00:00,,,0.0,0.0,0.0,0.0,0.0,257.9,1998-06-01,2020-03-22,41.21444,"HUNTERTOWN 2.6 ESE, IN US",0.9439,METERS,-85.12422
84,GHCND:US1INAL0005,2019-03-27T00:00:00,,,0.0,0.0,0.0,0.0,0.0,257.9,1998-06-01,2020-03-22,41.21444,"HUNTERTOWN 2.6 ESE, IN US",0.9439,METERS,-85.12422
85,GHCND:US1INAL0005,2019-03-28T00:00:00,,,10.0,0.0,0.0,0.0,0.0,257.9,1998-06-01,2020-03-22,41.21444,"HUNTERTOWN 2.6 ESE, IN US",0.9439,METERS,-85.12422
86,GHCND:US1INAL0005,2019-03-29T00:00:00,,,20.0,0.0,0.0,0.0,0.0,257.9,1998-06-01,2020-03-22,41.21444,"HUNTERTOWN 2.6 ESE, IN US",0.9439,METERS,-85.12422
87,GHCND:US1INAL0005,2019-03-30T00:00:00,,,183.0,0.0,0.0,0.0,0.0,257.9,1998-06-01,2020-03-22,41.21444,"HUNTERTOWN 2.6 ESE, IN US",0.9439,METERS,-85.12422
88,GHCND:US1INAL0005,2019-03-31T00:00:00,,,178.0,5.0,5.0,,,257.9,1998-06-01,2020-03-22,41.21444,"HUNTERTOWN 2.6 ESE, IN US",0.9439,METERS,-85.12422
89,GHCND:US1INAL0005,2019-04-01T00:00:00,,,0.0,0.0,0.0,0.0,0.0,257.9,1998-06-01,2020-03-22,41.21444,"HUNTERTOWN 2.6 ESE, IN US",0.9439,METERS,-85.12422
90,GHCND:US1INAL0005,2019-04-02T00:00:00,,,0.0,0.0,0.0,0.0,0.0,257.9,1998-06-01,2020-03-22,41.21444,"HUNTERTOWN 2.6 ESE, IN US",0.9439,METERS,-85.12422
91,GHCND:US1INAL0005,2019-04-03T00:00:00,,,0.0,0.0,0.0,0.0,0.0,257.9,1998-06-01,2020-03-22,41.21444,"HUNTERTOWN 2.6 ESE, IN US",0.9439,METERS,-85.12422
92,GHCND:US1INAL0005,2019-04-04T00:00:00,,,18.0,0.0,0.0,0.0,0.0,257.9,1998-06-01,2020-03-22,41.21444,"HUNTERTOWN 2.6 ESE, IN US",0.9439,METERS,-85.12422
93,GHCND:US1INAL0005,2019-04-05T00:00:00,,,5.0,0.0,0.0,0.0,0.0,257.9,1998-06-01,2020-03-22,41.21444,"HUNTERTOWN 2.6 ESE, IN US",0.9439,METERS,-85.12422
94,GHCND:US1INAL0005,2019-04-06T00:00:00,,,0.0,0.0,0.0,0.0,0.0,257.9,1998-06-01,2020-03-22,41.21444,"HUNTERTOWN 2.6 ESE, IN US",0.9439,METERS,-85.12422
95,GHCND:US1INAL0005,2019-04-07T00:00:00,,,0.0,0.0,0.0,0.0,0.0,257.9,1998-06-01,2020-03-22,41.21444,"HUNTERTOWN 2.6 ESE, IN US",0.9439,METERS,-85.12422
96,GHCND:US1INAL0005,2019-04-08T00:00:00,,,28.0,0.0,0.0,0.0,0.0,257.9,1998-06-01,2020-03-22,41.21444,"HUNTERTOWN 2.6 ESE, IN US",0.9439,METERS,-85.12422
97,GHCND:US1INAL0005,2019-04-09T00:00:00,,,0.0,0.0,0.0,0.0,0.0,257.9,1998-06-01,2020-03-22,41.21444,"HUNTERTOWN 2.6 ESE, IN US",0.9439,METERS,-85.12422
98,GHCND:US1INAL0005,2019-04-10T00:00:00,,,0.0,0.0,0.0,0.0,0.0,257.9,1998-06-01,2020-03-22,41.21444,"HUNTERTOWN 2.6 ESE, IN US",0.9439,METERS,-85.12422
99,GHCND:US1INAL0005,2019-04-11T00:00:00,,,5.0,0.0,0.0,0.0,0.0,257.9,1998-06-01,2020-03-22,41.21444,"HUNTERTOWN 2.6 ESE, IN US",0.9439,METERS,-85.12422
100,GHCND:US1INAL0005,2019-04-12T00:00:00,,,66.0,0.0,0.0,0.0,0.0,257.9,1998-06-01,2020-03-22,41.21444,"HUNTERTOWN 2.6 ESE, IN US",0.9439,METERS,-85.12422
101,GHCND:US1INAL0005,2019-04-13T00:00:00,,,0.0,0.0,0.0,0.0,0.0,257.9,1998-06-01,2020-03-22,41.21444,"HUNTERTOWN 2.6 ESE, IN US",0.9439,METERS,-85.12422
102,GHCND:US1INAL0005,2019-04-14T00:00:00,,,79.0,0.0,0.0,0.0,0.0,257.9,1998-06-01,2020-03-22,41.21444,"HUNTERTOWN 2.6 ESE, IN US",0.9439,METERS,-85.12422
103,GHCND:US1INAL0005,2019-04-15T00:00:00,,,51.0,0.0,0.0,0.0,0.0,257.9,1998-06-01,2020-03-22,41.21444,"HUNTERTOWN 2.6 ESE, IN US",0.9439,METERS,-85.12422
104,GHCND:US1INAL0005,2019-04-16T00:00:00,,,0.0,0.0,0.0,0.0,0.0,257.9,1998-06-01,2020-03-22,41.21444,"HUNTERTOWN 2.6 ESE, IN US",0.9439,METERS,-85.12422
105,GHCND:US1INAL0005,2019-04-17T00:00:00,,,0.0,0.0,0.0,0.0,0.0,257.9,1998-06-01,2020-03-22,41.21444,"HUNTERTOWN 2.6 ESE, IN US",0.9439,METERS,-85.12422
106,GHCND:US1INAL0005,2019-04-18T00:00:00,,,10.0,0.0,0.0,0.0,0.0,257.9,1998-06-01,2020-03-22,41.21444,"HUNTERTOWN 2.6 ESE, IN US",0.9439,METERS,-85.12422
107,GHCND:US1INAL0005,2019-04-19T00:00:00,,,211.0,0.0,0.0,0.0,0.0,257.9,1998-06-01,2020-03-22,41.21444,"HUNTERTOWN 2.6 ESE, IN US",0.9439,METERS,-85.12422
108,GHCND:US1INAL0005,2019-04-20T00:00:00,,,3.0,0.0,0.0,0.0,0.0,257.9,1998-06-01,2020-03-22,41.21444,"HUNTERTOWN 2.6 ESE, IN US",0.9439,METERS,-85.12422
109,GHCND:US1INAL0005,2019-04-21T00:00:00,,,234.0,0.0,0.0,0.0,0.0,257.9,1998-06-01,2020-03-22,41.21444,"HUNTERTOWN 2.6 ESE, IN US",0.9439,METERS,-85.12422
110,GHCND:US1INAL0005,2019-04-22T00:00:00,,,0.0,0.0,0.0,0.0,0.0,257.9,1998-06-01,2020-03-22,41.21444,"HUNTERTOWN 2.6 ESE, IN US",0.9439,METERS,-85.12422
111,GHCND:US1INAL0005,2019-04-23T00:00:00,,,0.0,0.0,0.0,0.0,0.0,257.9,1998-06-01,2020-03-22,41.21444,"HUNTERTOWN 2.6 ESE, IN US",0.9439,METERS,-85.12422
112,GHCND:US1INAL0005,2019-04-24T00:00:00,,,0.0,0.0,0.0,0.0,0.0,257.9,1998-06-01,2020-03-22,41.21444,"HUNTERTOWN 2.6 ESE, IN US",0.9439,METERS,-85.12422
113,GHCND:US1INAL0005,2019-04-25T00:00:00,,,3.0,0.0,0.0,0.0,0.0,257.9,1998-06-01,2020-03-22,41.21444,"HUNTERTOWN 2.6 ESE, IN US",0.9439,METERS,-85.12422
114,GHCND:US1INAL0005,2019-04-26T00:00:00,,,345.0,0.0,0.0,0.0,0.0,257.9,1998-06-01,2020-03-22,41.21444,"HUNTERTOWN 2.6 ESE, IN US",0.9439,METERS,-85.12422
115,GHCND:US1INAL0005,2019-04-27T00:00:00,,,5.0,0.0,0.0,0.0,0.0,257.9,1998-06-01,2020-03-22,41.21444,"HUNTERTOWN 2.6 ESE, IN US",0.9439,METERS,-85.12422
116,GHCND:US1INAL0005,2019-04-28T00:00:00,,,145.0,0.0,0.0,0.0,0.0,257.9,1998-06-01,2020-03-22,41.21444,"HUNTERTOWN 2.6 ESE, IN US",0.9439,METERS,-85.12422
117,GHCND:US1INAL0005,2019-04-29T00:00:00,,,3.0,0.0,0.0,0.0,0.0,257.9,1998-06-01,2020-03-22,41.21444,"HUNTERTOWN 2.6 ESE, IN US",0.9439,METERS,-85.12422
118,GHCND:US1INAL0005,2019-04-30T00:00:00,,,117.0,0.0,0.0,0.0,0.0,257.9,1998-06-01,2020-03-22,41.21444,"HUNTERTOWN 2.6 ESE, IN US",0.9439,METERS,-85.12422
119,GHCND:US1INAL0005,2019-05-01T00:00:00,,,203.0,0.0,0.0,0.0,0.0,257.9,1998-06-01,2020-03-22,41.21444,"HUNTERTOWN 2.6 ESE, IN US",0.9439,METERS,-85.12422
120,GHCND:US1INAL0005,2019-05-02T00:00:00,,,10.0,0.0,0.0,0.0,0.0,257.9,1998-06-01,2020-03-22,41.21444,"HUNTERTOWN 2.6 ESE, IN US",0.9439,METERS,-85.12422
121,GHCND:US1INAL0005,2019-05-03T00:00:00,,,20.0,0.0,0.0,0.0,0.0,257.9,1998-06-01,2020-03-22,41.21444,"HUNTERTOWN 2.6 ESE, IN US",0.9439,METERS,-85.12422
122,GHCND:US1INAL0005,2019-05-04T00:00:00,,,0.0,0.0,0.0,0.0,0.0,257.9,1998-06-01,2020-03-22,41.21444,"HUNTERTOWN 2.6 ESE, IN US",0.9439,METERS,-85.12422
123,GHCND:US1INAL0005,2019-05-05T00:00:00,,,3.0,,,,,257.9,1998-06-01,2020-03-22,41.21444,"HUNTERTOWN 2.6 ESE, IN US",0.9439,METERS,-85.12422
124,GHCND:US1INAL0005,2019-05-06T00:00:00,,,0.0,0.0,0.0,0.0,0.0,257.9,1998-06-01,2020-03-22,41.21444,"HUNTERTOWN 2.6 ESE, IN US",0.9439,METERS,-85.12422
125,GHCND:US1INAL0005,2019-05-07T00:00:00,,,0.0,0.0,0.0,0.0,0.0,257.9,1998-06-01,2020-03-22,41.21444,"HUNTERTOWN 2.6 ESE, IN US",0.9439,METERS,-85.12422
126,GHCND:US1INAL0005,2019-05-08T00:00:00,,,0.0,0.0,0.0,0.0,0.0,257.9,1998-06-01,2020-03-22,41.21444,"HUNTERTOWN 2.6 ESE, IN US",0.9439,METERS,-85.12422
127,GHCND:US1INAL0005,2019-05-09T00:00:00,,,0.0,0.0,0.0,0.0,0.0,257.9,1998-06-01,2020-03-22,41.21444,"HUNTERTOWN 2.6 ESE, IN US",0.9439,METERS,-85.12422
128,GHCND:US1INAL0005,2019-05-10T00:00:00,,,140.0,0.0,0.0,0.0,0.0,257.9,1998-06-01,2020-03-22,41.21444,"HUNTERTOWN 2.6 ESE, IN US",0.9439,METERS,-85.12422
129,GHCND:US1INAL0005,2019-05-11T00:00:00,,,0.0,0.0,0.0,0.0,0.0,257.9,1998-06-01,2020-03-22,41.21444,"HUNTERTOWN 2.6 ESE, IN US",0.9439,METERS,-85.12422
130,GHCND:US1INAL0005,2019-05-12T00:00:00,,,20.0,0.0,0.0,0.0,0.0,257.9,1998-06-01,2020-03-22,41.21444,"HUNTERTOWN 2.6 ESE, IN US",0.9439,METERS,-85.12422
131,GHCND:US1INAL0005,2019-05-13T00:00:00,,,76.0,0.0,0.0,0.0,0.0,257.9,1998-06-01,2020-03-22,41.21444,"HUNTERTOWN 2.6 ESE, IN US",0.9439,METERS,-85.12422
132,GHCND:US1INAL0005,2019-05-14T00:00:00,,,3.0,0.0,0.0,0.0,0.0,257.9,1998-06-01,2020-03-22,41.21444,"HUNTERTOWN 2.6 ESE, IN US",0.9439,METERS,-85.12422
133,GHCND:US1INAL0005,2019-05-15T00:00:00,,,0.0,0.0,0.0,0.0,0.0,257.9,1998-06-01,2020-03-22,41.21444,"HUNTERTOWN 2.6 ESE, IN US",0.9439,METERS,-85.12422
134,GHCND:US1INAL0005,2019-05-16T00:00:00,,,0.0,0.0,0.0,0.0,0.0,257.9,1998-06-01,2020-03-22,41.21444,"HUNTERTOWN 2.6 ESE, IN US",0.9439,METERS,-85.12422
135,GHCND:US1INAL0005,2019-05-17T00:00:00,,,470.0,0.0,0.0,0.0,0.0,257.9,1998-06-01,2020-03-22,41.21444,"HUNTERTOWN 2.6 ESE, IN US",0.9439,METERS,-85.12422
136,GHCND:US1INAL0005,2019-05-18T00:00:00,,,5.0,0.0,0.0,0.0,0.0,257.9,1998-06-01,2020-03-22,41.21444,"HUNTERTOWN 2.6 ESE, IN US",0.9439,METERS,-85.12422
137,GHCND:US1INAL0005,2019-05-19T00:00:00,,,0.0,0.0,0.0,0.0,0.0,257.9,1998-06-01,2020-03-22,41.21444,"HUNTERTOWN 2.6 ESE, IN US",0.9439,METERS,-85.12422
138,GHCND:US1INAL0005,2019-05-20T00:00:00,,,38.0,0.0,0.0,0.0,0.0,257.9,1998-06-01,2020-03-22,41.21444,"HUNTERTOWN 2.6 ESE, IN US",0.9439,METERS,-85.12422
139,GHCND:US1INAL0005,2019-05-21T00:00:00,,,5.0,0.0,0.0,0.0,0.0,257.9,1998-06-01,2020-03-22,41.21444,"HUNTERTOWN 2.6 ESE, IN US",0.9439,METERS,-85.12422
140,GHCND:US1INAL0005,2019-05-22T00:00:00,,,165.0,0.0,0.0,0.0,0.0,257.9,1998-06-01,2020-03-22,41.21444,"HUNTERTOWN 2.6 ESE, IN US",0.9439,METERS,-85.12422
141,GHCND:US1INAL0005,2019-05-23T00:00:00,,,152.0,0.0,0.0,0.0,0.0,257.9,1998-06-01,2020-03-22,41.21444,"HUNTERTOWN 2.6 ESE, IN US",0.9439,METERS,-85.12422
142,GHCND:US1INAL0005,2019-05-24T00:00:00,,,3.0,0.0,0.0,0.0,0.0,257.9,1998-06-01,2020-03-22,41.21444,"HUNTERTOWN 2.6 ESE, IN US",0.9439,METERS,-85.12422
143,GHCND:US1INAL0005,2019-05-25T00:00:00,,,8.0,0.0,0.0,0.0,0.0,257.9,1998-06-01,2020-03-22,41.21444,"HUNTERTOWN 2.6 ESE, IN US",0.9439,METERS,-85.12422
144,GHCND:US1INAL0005,2019-05-26T00:00:00,,,102.0,0.0,0.0,0.0,0.0,257.9,1998-06-01,2020-03-22,41.21444,"HUNTERTOWN 2.6 ESE, IN US",0.9439,METERS,-85.12422
145,GHCND:US1INAL0005,2019-05-27T00:00:00,,,8.0,0.0,0.0,0.0,0.0,257.9,1998-06-01,2020-03-22,41.21444,"HUNTERTOWN 2.6 ESE, IN US",0.9439,METERS,-85.12422
146,GHCND:US1INAL0005,2019-05-28T00:00:00,,,97.0,0.0,0.0,0.0,0.0,257.9,1998-06-01,2020-03-22,41.21444,"HUNTERTOWN 2.6 ESE, IN US",0.9439,METERS,-85.12422
147,GHCND:US1INAL0005,2019-05-29T00:00:00,,,3.0,0.0,0.0,0.0,0.0,257.9,1998-06-01,2020-03-22,41.21444,"HUNTERTOWN 2.6 ESE, IN US",0.9439,METERS,-85.12422
148,GHCND:US1INAL0005,2019-05-30T00:00:00,,,3.0,0.0,0.0,0.0,0.0,257.9,1998-06-01,2020-03-22,41.21444,"HUNTERTOWN 2.6 ESE, IN US",0.9439,METERS,-85.12422
149,GHCND:US1INAL0005,2019-05-31T00:00:00,,,3.0,0.0,0.0,0.0,0.0,257.9,1998-06-01,2020-03-22,41.21444,"HUNTERTOWN 2.6 ESE, IN US",0.9439,METERS,-85.12422
150,GHCND:US1INAL0005,2019-06-01T00:00:00,,,0.0,0.0,0.0,0.0,0.0,257.9,1998-06-01,2020-03-22,41.21444,"HUNTERTOWN 2.6 ESE, IN US",0.9439,METERS,-85.12422
151,GHCND:US1INAL0005,2019-06-02T00:00:00,,,5.0,0.0,0.0,0.0,0.0,257.9,1998-06-01,2020-03-22,41.21444,"HUNTERTOWN 2.6 ESE, IN US",0.9439,METERS,-85.12422
152,GHCND:US1INAL0005,2019-06-03T00:00:00,,,0.0,0.0,0.0,0.0,0.0,257.9,1998-06-01,2020-03-22,41.21444,"HUNTERTOWN 2.6 ESE, IN US",0.9439,METERS,-85.12422
153,GHCND:US1INAL0005,2019-06-04T00:00:00,,,0.0,0.0,0.0,0.0,0.0,257.9,1998-06-01,2020-03-22,41.21444,"HUNTERTOWN 2.6 ESE, IN US",0.9439,METERS,-85.12422
154,GHCND:US1INAL0005,2019-06-05T00:00:00,,,41.0,0.0,0.0,0.0,0.0,257.9,1998-06-01,2020-03-22,41.21444,"HUNTERTOWN 2.6 ESE, IN US",0.9439,METERS,-85.12422
155,GHCND:US1INAL0005,2019-06-06T00:00:00,,,0.0,0.0,0.0,0.0,0.0,257.9,1998-06-01,2020-03-22,41.21444,"HUNTERTOWN 2.6 ESE, IN US",0.9439,METERS,-85.12422
156,GHCND:US1INAL0005,2019-06-07T00:00:00,,,0.0,0.0,0.0,0.0,0.0,257.9,1998-06-01,2020-03-22,41.21444,"HUNTERTOWN 2.6 ESE, IN US",0.9439,METERS,-85.12422
157,GHCND:US1INAL0005,2019-06-08T00:00:00,,,0.0,0.0,0.0,0.0,0.0,257.9,1998-06-01,2020-03-22,41.21444,"HUNTERTOWN 2.6 ESE, IN US",0.9439,METERS,-85.12422
158,GHCND:US1INAL0005,2019-06-09T00:00:00,,,3.0,0.0,0.0,0.0,0.0,257.9,1998-06-01,2020-03-22,41.21444,"HUNTERTOWN 2.6 ESE, IN US",0.9439,METERS,-85.12422
159,GHCND:US1INAL0005,2019-06-10T00:00:00,,,53.0,0.0,0.0,0.0,0.0,257.9,1998-06-01,2020-03-22,41.21444,"HUNTERTOWN 2.6 ESE, IN US",0.9439,METERS,-85.12422
160,GHCND:US1INAL0005,2019-06-11T00:00:00,,,0.0,0.0,0.0,0.0,0.0,257.9,1998-06-01,2020-03-22,41.21444,"HUNTERTOWN 2.6 ESE, IN US",0.9439,METERS,-85.12422
161,GHCND:US1INAL0005,2019-06-12T00:00:00,,,0.0,0.0,0.0,0.0,0.0,257.9,1998-06-01,2020-03-22,41.21444,"HUNTERTOWN 2.6 ESE, IN US",0.9439,METERS,-85.12422
162,GHCND:US1INAL0005,2019-06-13T00:00:00,,,0.0,0.0,0.0,0.0,0.0,257.9,1998-06-01,2020-03-22,41.21444,"HUNTERTOWN 2.6 ESE, IN US",0.9439,METERS,-85.12422
163,GHCND:US1INAL0005,2019-06-14T00:00:00,,,76.0,0.0,0.0,0.0,0.0,257.9,1998-06-01,2020-03-22,41.21444,"HUNTERTOWN 2.6 ESE, IN US",0.9439,METERS,-85.12422
164,GHCND:US1INAL0005,2019-06-15T00:00:00,,,20.0,0.0,0.0,0.0,0.0,257.9,1998-06-01,2020-03-22,41.21444,"HUNTERTOWN 2.6 ESE, IN US",0.9439,METERS,-85.12422
165,GHCND:US1INAL0005,2019-06-16T00:00:00,,,81.0,0.0,0.0,0.0,0.0,257.9,1998-06-01,2020-03-22,41.21444,"HUNTERTOWN 2.6 ESE, IN US",0.9439,METERS,-85.12422
166,GHCND:US1INAL0005,2019-06-17T00:00:00,,,3.0,0.0,0.0,0.0,0.0,257.9,1998-06-01,2020-03-22,41.21444,"HUNTERTOWN 2.6 ESE, IN US",0.9439,METERS,-85.12422
167,GHCND:US1INAL0005,2019-06-18T00:00:00,,,0.0,0.0,0.0,0.0,0.0,257.9,1998-06-01,2020-03-22,41.21444,"HUNTERTOWN 2.6 ESE, IN US",0.9439,METERS,-85.12422
168,GHCND:US1INAL0005,2019-06-19T00:00:00,,,0.0,0.0,0.0,0.0,0.0,257.9,1998-06-01,2020-03-22,41.21444,"HUNTERTOWN 2.6 ESE, IN US",0.9439,METERS,-85.12422
169,GHCND:US1INAL0005,2019-06-20T00:00:00,,,318.0,0.0,0.0,0.0,0.0,257.9,1998-06-01,2020-03-22,41.21444,"HUNTERTOWN 2.6 ESE, IN US",0.9439,METERS,-85.12422
170,GHCND:US1INAL0005,2019-06-21T00:00:00,,,43.0,0.0,0.0,0.0,0.0,257.9,1998-06-01,2020-03-22,41.21444,"HUNTERTOWN 2.6 ESE, IN US",0.9439,METERS,-85.12422
171,GHCND:US1INAL0005,2019-06-22T00:00:00,,,3.0,0.0,0.0,0.0,0.0,257.9,1998-06-01,2020-03-22,41.21444,"HUNTERTOWN 2.6 ESE, IN US",0.9439,METERS,-85.12422
172,GHCND:US1INAL0005,2019-06-23T00:00:00,,,0.0,0.0,0.0,0.0,0.0,257.9,1998-06-01,2020-03-22,41.21444,"HUNTERTOWN 2.6 ESE, IN US",0.9439,METERS,-85.12422
173,GHCND:US1INAL0005,2019-06-24T00:00:00,,,137.0,0.0,0.0,0.0,0.0,257.9,1998-06-01,2020-03-22,41.21444,"HUNTERTOWN 2.6 ESE, IN US",0.9439,METERS,-85.12422
174,GHCND:US1INAL0005,2019-06-25T00:00:00,,,0.0,0.0,0.0,0.0,0.0,257.9,1998-06-01,2020-03-22,41.21444,"HUNTERTOWN 2.6 ESE, IN US",0.9439,METERS,-85.12422
175,GHCND:US1INAL0005,2019-06-26T00:00:00,,,0.0,0.0,0.0,0.0,0.0,257.9,1998-06-01,2020-03-22,41.21444,"HUNTERTOWN 2.6 ESE, IN US",0.9439,METERS,-85.12422
176,GHCND:US1INAL0005,2019-06-27T00:00:00,,,79.0,0.0,0.0,0.0,0.0,257.9,1998-06-01,2020-03-22,41.21444,"HUNTERTOWN 2.6 ESE, IN US",0.9439,METERS,-85.12422
177,GHCND:US1INAL0005,2019-06-28T00:00:00,,,0.0,0.0,0.0,0.0,0.0,257.9,1998-06-01,2020-03-22,41.21444,"HUNTERTOWN 2.6 ESE, IN US",0.9439,METERS,-85.12422
178,GHCND:US1INAL0005,2019-06-29T00:00:00,,,0.0,0.0,0.0,0.0,0.0,257.9,1998-06-01,2020-03-22,41.21444,"HUNTERTOWN 2.6 ESE, IN US",0.9439,METERS,-85.12422
179,GHCND:US1INAL0005,2019-06-30T00:00:00,,,0.0,0.0,0.0,0.0,0.0,257.9,1998-06-01,2020-03-22,41.21444,"HUNTERTOWN 2.6 ESE, IN US",0.9439,METERS,-85.12422
180,GHCND:US1INAL0005,2019-07-01T00:00:00,,,0.0,0.0,0.0,0.0,0.0,257.9,1998-06-01,2020-03-22,41.21444,"HUNTERTOWN 2.6 ESE, IN US",0.9439,METERS,-85.12422
181,GHCND:US1INAL0005,2019-07-02T00:00:00,,,0.0,0.0,0.0,0.0,0.0,257.9,1998-06-01,2020-03-22,41.21444,"HUNTERTOWN 2.6 ESE, IN US",0.9439,METERS,-85.12422
182,GHCND:US1INAL0005,2019-07-03T00:00:00,,,188.0,0.0,0.0,0.0,0.0,257.9,1998-06-01,2020-03-22,41.21444,"HUNTERTOWN 2.6 ESE, IN US",0.9439,METERS,-85.12422
183,GHCND:US1INAL0005,2019-07-04T00:00:00,,,0.0,0.0,0.0,0.0,0.0,257.9,1998-06-01,2020-03-22,41.21444,"HUNTERTOWN 2.6 ESE, IN US",0.9439,METERS,-85.12422
184,GHCND:US1INAL0005,2019-07-05T00:00:00,,,0.0,0.0,0.0,0.0,0.0,257.9,1998-06-01,2020-03-22,41.21444,"HUNTERTOWN 2.6 ESE, IN US",0.9439,METERS,-85.12422
185,GHCND:US1INAL0005,2019-07-06T00:00:00,,,25.0,0.0,0.0,0.0,0.0,257.9,1998-06-01,2020-03-22,41.21444,"HUNTERTOWN 2.6 ESE, IN US",0.9439,METERS,-85.12422
186,GHCND:US1INAL0005,2019-07-07T00:00:00,,,5.0,0.0,0.0,0.0,0.0,257.9,1998-06-01,2020-03-22,41.21444,"HUNTERTOWN 2.6 ESE, IN US",0.9439,METERS,-85.12422
187,GHCND:US1INAL0005,2019-07-08T00:00:00,,,0.0,0.0,0.0,0.0,0.0,257.9,1998-06-01,2020-03-22,41.21444,"HUNTERTOWN 2.6 ESE, IN US",0.9439,METERS,-85.12422
188,GHCND:US1INAL0005,2019-07-09T00:00:00,,,0.0,0.0,0.0,0.0,0.0,257.9,1998-06-01,2020-03-22,41.21444,"HUNTERTOWN 2.6 ESE, IN US",0.9439,METERS,-85.12422
189,GHCND:US1INAL0005,2019-07-10T00:00:00,,,0.0,0.0,0.0,0.0,0.0,257.9,1998-06-01,2020-03-22,41.21444,"HUNTERTOWN 2.6 ESE, IN US",0.9439,METERS,-85.12422
190,GHCND:US1INAL0005,2019-07-11T00:00:00,,,0.0,0.0,0.0,0.0,0.0,257.9,1998-06-01,2020-03-22,41.21444,"HUNTERTOWN 2.6 ESE, IN US",0.9439,METERS,-85.12422
191,GHCND:US1INAL0005,2019-07-12T00:00:00,,,0.0,0.0,0.0,0.0,0.0,257.9,1998-06-01,2020-03-22,41.21444,"HUNTERTOWN 2.6 ESE, IN US",0.9439,METERS,-85.12422
192,GHCND:US1INAL0005,2019-07-13T00:00:00,,,0.0,0.0,0.0,0.0,0.0,257.9,1998-06-01,2020-03-22,41.21444,"HUNTERTOWN 2.6 ESE, IN US",0.9439,METERS,-85.12422
193,GHCND:US1INAL0005,2019-07-14T00:00:00,,,305.0,0.0,0.0,0.0,0.0,257.9,1998-06-01,2020-03-22,41.21444,"HUNTERTOWN 2.6 ESE, IN US",0.9439,METERS,-85.12422
194,GHCND:US1INAL0005,2019-07-15T00:00:00,,,0.0,0.0,0.0,0.0,0.0,257.9,1998-06-01,2020-03-22,41.21444,"HUNTERTOWN 2.6 ESE, IN US",0.9439,METERS,-85.12422
195,GHCND:US1INAL0005,2019-07-16T00:00:00,,,0.0,0.0,0.0,0.0,0.0,257.9,1998-06-01,2020-03-22,41.21444,"HUNTERTOWN 2.6 ESE, IN US",0.9439,METERS,-85.12422
196,GHCND:US1INAL0005,2019-07-17T00:00:00,,,25.0,0.0,0.0,0.0,0.0,257.9,1998-06-01,2020-03-22,41.21444,"HUNTERTOWN 2.6 ESE, IN US",0.9439,METERS,-85.12422
197,GHCND:US1INAL0005,2019-07-18T00:00:00,,,0.0,0.0,0.0,0.0,0.0,257.9,1998-06-01,2020-03-22,41.21444,"HUNTERTOWN 2.6 ESE, IN US",0.9439,METERS,-85.12422
198,GHCND:US1INAL0005,2019-07-19T00:00:00,,,53.0,0.0,0.0,0.0,0.0,257.9,1998-06-01,2020-03-22,41.21444,"HUNTERTOWN 2.6 ESE, IN US",0.9439,METERS,-85.12422
199,GHCND:US1INAL0005,2019-07-20T00:00:00,,,0.0,0.0,0.0,0.0,0.0,257.9,1998-06-01,2020-03-22,41.21444,"HUNTERTOWN 2.6 ESE, IN US",0.9439,METERS,-85.12422
200,GHCND:US1INAL0005,2019-07-21T00:00:00,,,5.0,0.0,0.0,0.0,0.0,257.9,1998-06-01,2020-03-22,41.21444,"HUNTERTOWN 2.6 ESE, IN US",0.9439,METERS,-85.12422
201,GHCND:US1INAL0005,2019-07-22T00:00:00,,,437.0,0.0,0.0,0.0,0.0,257.9,1998-06-01,2020-03-22,41.21444,"HUNTERTOWN 2.6 ESE, IN US",0.9439,METERS,-85.12422
202,GHCND:US1INAL0005,2019-07-23T00:00:00,,,0.0,0.0,0.0,0.0,0.0,257.9,1998-06-01,2020-03-22,41.21444,"HUNTERTOWN 2.6 ESE, IN US",0.9439,METERS,-85.12422
203,GHCND:US1INAL0005,2019-07-24T00:00:00,,,0.0,0.0,0.0,0.0,0.0,257.9,1998-06-01,2020-03-22,41.21444,"HUNTERTOWN 2.6 ESE, IN US",0.9439,METERS,-85.12422
204,GHCND:US1INAL0005,2019-07-25T00:00:00,,,0.0,0.0,0.0,0.0,0.0,257.9,1998-06-01,2020-03-22,41.21444,"HUNTERTOWN 2.6 ESE, IN US",0.9439,METERS,-85.12422
205,GHCND:US1INAL0005,2019-07-26T00:00:00,,,0.0,0.0,0.0,0.0,0.0,257.9,1998-06-01,2020-03-22,41.21444,"HUNTERTOWN 2.6 ESE, IN US",0.9439,METERS,-85.12422
206,GHCND:US1INAL0005,2019-07-27T00:00:00,,,0.0,0.0,0.0,0.0,0.0,257.9,1998-06-01,2020-03-22,41.21444,"HUNTERTOWN 2.6 ESE, IN US",0.9439,METERS,-85.12422
207,GHCND:US1INAL0005,2019-07-28T00:00:00,,,64.0,0.0,0.0,0.0,0.0,257.9,1998-06-01,2020-03-22,41.21444,"HUNTERTOWN 2.6 ESE, IN US",0.9439,METERS,-85.12422
208,GHCND:US1INAL0005,2019-07-29T00:00:00,,,0.0,0.0,0.0,0.0,0.0,257.9,1998-06-01,2020-03-22,41.21444,"HUNTERTOWN 2.6 ESE, IN US",0.9439,METERS,-85.12422
209,GHCND:US1INAL0005,2019-07-30T00:00:00,,,170.0,0.0,0.0,0.0,0.0,257.9,1998-06-01,2020-03-22,41.21444,"HUNTERTOWN 2.6 ESE, IN US",0.9439,METERS,-85.12422
210,GHCND:US1INAL0005,2019-07-31T00:00:00,,,0.0,0.0,0.0,0.0,0.0,257.9,1998-06-01,2020-03-22,41.21444,"HUNTERTOWN 2.6 ESE, IN US",0.9439,METERS,-85.12422
211,GHCND:US1INAL0005,2019-08-01T00:00:00,,,0.0,0.0,0.0,0.0,0.0,257.9,1998-06-01,2020-03-22,41.21444,"HUNTERTOWN 2.6 ESE, IN US",0.9439,METERS,-85.12422
212,GHCND:US1INAL0005,2019-08-02T00:00:00,,,0.0,0.0,0.0,0.0,0.0,257.9,1998-06-01,2020-03-22,41.21444,"HUNTERTOWN 2.6 ESE, IN US",0.9439,METERS,-85.12422
213,GHCND:US1INAL0005,2019-08-03T00:00:00,,,0.0,0.0,0.0,0.0,0.0,257.9,1998-06-01,2020-03-22,41.21444,"HUNTERTOWN 2.6 ESE, IN US",0.9439,METERS,-85.12422
214,GHCND:US1INAL0005,2019-08-04T00:00:00,,,0.0,0.0,0.0,0.0,0.0,257.9,1998-06-01,2020-03-22,41.21444,"HUNTERTOWN 2.6 ESE, IN US",0.9439,METERS,-85.12422
215,GHCND:US1INAL0005,2019-08-05T00:00:00,,,0.0,0.0,0.0,0.0,0.0,257.9,1998-06-01,2020-03-22,41.21444,"HUNTERTOWN 2.6 ESE, IN US",0.9439,METERS,-85.12422
216,GHCND:US1INAL0005,2019-08-06T00:00:00,,,0.0,0.0,0.0,0.0,0.0,257.9,1998-06-01,2020-03-22,41.21444,"HUNTERTOWN 2.6 ESE, IN US",0.9439,METERS,-85.12422
217,GHCND:US1INAL0005,2019-08-07T00:00:00,,,38.0,0.0,0.0,0.0,0.0,257.9,1998-06-01,2020-03-22,41.21444,"HUNTERTOWN 2.6 ESE, IN US",0.9439,METERS,-85.12422
218,GHCND:US1INAL0005,2019-08-08T00:00:00,,,0.0,0.0,0.0,0.0,0.0,257.9,1998-06-01,2020-03-22,41.21444,"HUNTERTOWN 2.6 ESE, IN US",0.9439,METERS,-85.12422
219,GHCND:US1INAL0005,2019-08-09T00:00:00,,,0.0,0.0,0.0,0.0,0.0,257.9,1998-06-01,2020-03-22,41.21444,"HUNTERTOWN 2.6 ESE, IN US",0.9439,METERS,-85.12422
220,GHCND:US1INAL0005,2019-08-10T00:00:00,,,0.0,0.0,0.0,0.0,0.0,257.9,1998-06-01,2020-03-22,41.21444,"HUNTERTOWN 2.6 ESE, IN US",0.9439,METERS,-85.12422
221,GHCND:US1INAL0005,2019-08-11T00:00:00,,,0.0,0.0,0.0,0.0,0.0,257.9,1998-06-01,2020-03-22,41.21444,"HUNTERTOWN 2.6 ESE, IN US",0.9439,METERS,-85.12422
222,GHCND:US1INAL0005,2019-08-12T00:00:00,,,0.0,0.0,0.0,0.0,0.0,257.9,1998-06-01,2020-03-22,41.21444,"HUNTERTOWN 2.6 ESE, IN US",0.9439,METERS,-85.12422
223,GHCND:US1INAL0005,2019-08-13T00:00:00,,,279.0,0.0,0.0,0.0,0.0,257.9,1998-06-01,2020-03-22,41.21444,"HUNTERTOWN 2.6 ESE, IN US",0.9439,METERS,-85.12422
224,GHCND:US1INAL0005,2019-08-14T00:00:00,,,46.0,0.0,0.0,0.0,0.0,257.9,1998-06-01,2020-03-22,41.21444,"HUNTERTOWN 2.6 ESE, IN US",0.9439,METERS,-85.12422
225,GHCND:US1INAL0005,2019-08-15T00:00:00,,,241.0,0.0,0.0,0.0,0.0,257.9,1998-06-01,2020-03-22,41.21444,"HUNTERTOWN 2.6 ESE, IN US",0.9439,METERS,-85.12422
226,GHCND:US1INAL0005,2019-08-16T00:00:00,,,3.0,0.0,0.0,0.0,0.0,257.9,1998-06-01,2020-03-22,41.21444,"HUNTERTOWN 2.6 ESE, IN US",0.9439,METERS,-85.12422
227,GHCND:US1INAL0005,2019-08-17T00:00:00,,,3.0,0.0,0.0,0.0,0.0,257.9,1998-06-01,2020-03-22,41.21444,"HUNTERTOWN 2.6 ESE, IN US",0.9439,METERS,-85.12422
228,GHCND:US1INAL0005,2019-08-18T00:00:00,,,5.0,0.0,0.0,0.0,0.0,257.9,1998-06-01,2020-03-22,41.21444,"HUNTERTOWN 2.6 ESE, IN US",0.9439,METERS,-85.12422
229,GHCND:US1INAL0005,2019-08-19T00:00:00,,,168.0,0.0,0.0,0.0,0.0,257.9,1998-06-01,2020-03-22,41.21444,"HUNTERTOWN 2.6 ESE, IN US",0.9439,METERS,-85.12422
230,GHCND:US1INAL0005,2019-08-20T00:00:00,,,0.0,0.0,0.0,0.0,0.0,257.9,1998-06-01,2020-03-22,41.21444,"HUNTERTOWN 2.6 ESE, IN US",0.9439,METERS,-85.12422
231,GHCND:US1INAL0005,2019-08-21T00:00:00,,,41.0,0.0,0.0,0.0,0.0,257.9,1998-06-01,2020-03-22,41.21444,"HUNTERTOWN 2.6 ESE, IN US",0.9439,METERS,-85.12422
232,GHCND:US1INAL0005,2019-08-22T00:00:00,,,38.0,0.0,0.0,0.0,0.0,257.9,1998-06-01,2020-03-22,41.21444,"HUNTERTOWN 2.6 ESE, IN US",0.9439,METERS,-85.12422
233,GHCND:US1INAL0005,2019-08-23T00:00:00,,,0.0,0.0,0.0,0.0,0.0,257.9,1998-06-01,2020-03-22,41.21444,"HUNTERTOWN 2.6 ESE, IN US",0.9439,METERS,-85.12422
234,GHCND:US1INAL0005,2019-08-24T00:00:00,,,0.0,0.0,0.0,0.0,0.0,257.9,1998-06-01,2020-03-22,41.21444,"HUNTERTOWN 2.6 ESE, IN US",0.9439,METERS,-85.12422
235,GHCND:US1INAL0005,2019-08-25T00:00:00,,,0.0,0.0,0.0,0.0,0.0,257.9,1998-06-01,2020-03-22,41.21444,"HUNTERTOWN 2.6 ESE, IN US",0.9439,METERS,-85.12422
236,GHCND:US1INAL0005,2019-08-26T00:00:00,,,0.0,0.0,0.0,0.0,0.0,257.9,1998-06-01,2020-03-22,41.21444,"HUNTERTOWN 2.6 ESE, IN US",0.9439,METERS,-85.12422
237,GHCND:US1INAL0005,2019-08-27T00:00:00,,,104.0,0.0,0.0,0.0,0.0,257.9,1998-06-01,2020-03-22,41.21444,"HUNTERTOWN 2.6 ESE, IN US",0.9439,METERS,-85.12422
238,GHCND:US1INAL0005,2019-08-28T00:00:00,,,20.0,0.0,0.0,0.0,0.0,257.9,1998-06-01,2020-03-22,41.21444,"HUNTERTOWN 2.6 ESE, IN US",0.9439,METERS,-85.12422
239,GHCND:US1INAL0005,2019-08-29T00:00:00,,,0.0,0.0,0.0,0.0,0.0,257.9,1998-06-01,2020-03-22,41.21444,"HUNTERTOWN 2.6 ESE, IN US",0.9439,METERS,-85.12422
240,GHCND:US1INAL0005,2019-08-30T00:00:00,,,0.0,0.0,0.0,0.0,0.0,257.9,1998-06-01,2020-03-22,41.21444,"HUNTERTOWN 2.6 ESE, IN US",0.9439,METERS,-85.12422
241,GHCND:US1INAL0005,2019-08-31T00:00:00,,,0.0,0.0,0.0,0.0,0.0,257.9,1998-06-01,2020-03-22,41.21444,"HUNTERTOWN 2.6 ESE, IN US",0.9439,METERS,-85.12422
242,GHCND:US1INAL0005,2019-09-01T00:00:00,,,13.0,0.0,0.0,0.0,0.0,257.9,1998-06-01,2020-03-22,41.21444,"HUNTERTOWN 2.6 ESE, IN US",0.9439,METERS,-85.12422
243,GHCND:US1INAL0005,2019-09-02T00:00:00,,,18.0,0.0,0.0,0.0,0.0,257.9,1998-06-01,2020-03-22,41.21444,"HUNTERTOWN 2.6 ESE, IN US",0.9439,METERS,-85.12422
244,GHCND:US1INAL0005,2019-09-03T00:00:00,,,0.0,0.0,0.0,0.0,0.0,257.9,1998-06-01,2020-03-22,41.21444,"HUNTERTOWN 2.6 ESE, IN US",0.9439,METERS,-85.12422
245,GHCND:US1INAL0005,2019-09-04T00:00:00,,,38.0,0.0,0.0,0.0,0.0,257.9,1998-06-01,2020-03-22,41.21444,"HUNTERTOWN 2.6 ESE, IN US",0.9439,METERS,-85.12422
246,GHCND:US1INAL0005,2019-09-05T00:00:00,,,0.0,0.0,0.0,0.0,0.0,257.9,1998-06-01,2020-03-22,41.21444,"HUNTERTOWN 2.6 ESE, IN US",0.9439,METERS,-85.12422
247,GHCND:US1INAL0005,2019-09-06T00:00:00,,,0.0,0.0,0.0,0.0,0.0,257.9,1998-06-01,2020-03-22,41.21444,"HUNTERTOWN 2.6 ESE, IN US",0.9439,METERS,-85.12422
248,GHCND:US1INAL0005,2019-09-07T00:00:00,,,3.0,0.0,0.0,0.0,0.0,257.9,1998-06-01,2020-03-22,41.21444,"HUNTERTOWN 2.6 ESE, IN US",0.9439,METERS,-85.12422
249,GHCND:US1INAL0005,2019-09-08T00:00:00,,,0.0,0.0,0.0,0.0,0.0,257.9,1998-06-01,2020-03-22,41.21444,"HUNTERTOWN 2.6 ESE, IN US",0.9439,METERS,-85.12422
250,GHCND:US1INAL0005,2019-09-09T00:00:00,,,10.0,0.0,0.0,0.0,0.0,257.9,1998-06-01,2020-03-22,41.21444,"HUNTERTOWN 2.6 ESE, IN US",0.9439,METERS,-85.12422
251,GHCND:US1INAL0005,2019-09-10T00:00:00,,,0.0,0.0,0.0,0.0,0.0,257.9,1998-06-01,2020-03-22,41.21444,"HUNTERTOWN 2.6 ESE, IN US",0.9439,METERS,-85.12422
252,GHCND:US1INAL0005,2019-09-12T00:00:00,2.0,0.0,,,,,,257.9,1998-06-01,2020-03-22,41.21444,"HUNTERTOWN 2.6 ESE, IN US",0.9439,METERS,-85.12422
253,GHCND:US1INAL0005,2019-09-13T00:00:00,,,0.0,0.0,0.0,0.0,0.0,257.9,1998-06-01,2020-03-22,41.21444,"HUNTERTOWN 2.6 ESE, IN US",0.9439,METERS,-85.12422
254,GHCND:US1INAL0005,2019-09-14T00:00:00,,,23.0,0.0,0.0,0.0,0.0,257.9,1998-06-01,2020-03-22,41.21444,"HUNTERTOWN 2.6 ESE, IN US",0.9439,METERS,-85.12422
255,GHCND:US1INAL0005,2019-09-15T00:00:00,,,0.0,0.0,0.0,0.0,0.0,257.9,1998-06-01,2020-03-22,41.21444,"HUNTERTOWN 2.6 ESE, IN US",0.9439,METERS,-85.12422
256,GHCND:US1INAL0005,2019-09-16T00:00:00,,,18.0,0.0,0.0,0.0,0.0,257.9,1998-06-01,2020-03-22,41.21444,"HUNTERTOWN 2.6 ESE, IN US",0.9439,METERS,-85.12422
257,GHCND:US1INAL0005,2019-09-17T00:00:00,,,0.0,0.0,0.0,0.0,0.0,257.9,1998-06-01,2020-03-22,41.21444,"HUNTERTOWN 2.6 ESE, IN US",0.9439,METERS,-85.12422
258,GHCND:US1INAL0005,2019-09-18T00:00:00,,,0.0,0.0,0.0,0.0,0.0,257.9,1998-06-01,2020-03-22,41.21444,"HUNTERTOWN 2.6 ESE, IN US",0.9439,METERS,-85.12422
259,GHCND:US1INAL0005,2019-09-19T00:00:00,,,0.0,0.0,0.0,0.0,0.0,257.9,1998-06-01,2020-03-22,41.21444,"HUNTERTOWN 2.6 ESE, IN US",0.9439,METERS,-85.12422
260,GHCND:US1INAL0005,2019-09-20T00:00:00,,,0.0,0.0,0.0,0.0,0.0,257.9,1998-06-01,2020-03-22,41.21444,"HUNTERTOWN 2.6 ESE, IN US",0.9439,METERS,-85.12422
261,GHCND:US1INAL0005,2019-09-21T00:00:00,,,0.0,0.0,0.0,0.0,0.0,257.9,1998-06-01,2020-03-22,41.21444,"HUNTERTOWN 2.6 ESE, IN US",0.9439,METERS,-85.12422
262,GHCND:US1INAL0005,2019-09-22T00:00:00,,,0.0,0.0,0.0,0.0,0.0,257.9,1998-06-01,2020-03-22,41.21444,"HUNTERTOWN 2.6 ESE, IN US",0.9439,METERS,-85.12422
263,GHCND:US1INAL0005,2019-09-23T00:00:00,,,140.0,0.0,0.0,0.0,0.0,257.9,1998-06-01,2020-03-22,41.21444,"HUNTERTOWN 2.6 ESE, IN US",0.9439,METERS,-85.12422
264,GHCND:US1INAL0005,2019-09-24T00:00:00,,,0.0,0.0,0.0,0.0,0.0,257.9,1998-06-01,2020-03-22,41.21444,"HUNTERTOWN 2.6 ESE, IN US",0.9439,METERS,-85.12422
265,GHCND:US1INAL0005,2019-09-25T00:00:00,,,0.0,0.0,0.0,0.0,0.0,257.9,1998-06-01,2020-03-22,41.21444,"HUNTERTOWN 2.6 ESE, IN US",0.9439,METERS,-85.12422
266,GHCND:US1INAL0005,2019-09-26T00:00:00,,,3.0,0.0,0.0,0.0,0.0,257.9,1998-06-01,2020-03-22,41.21444,"HUNTERTOWN 2.6 ESE, IN US",0.9439,METERS,-85.12422
267,GHCND:US1INAL0005,2019-09-27T00:00:00,,,0.0,0.0,0.0,0.0,0.0,257.9,1998-06-01,2020-03-22,41.21444,"HUNTERTOWN 2.6 ESE, IN US",0.9439,METERS,-85.12422
268,GHCND:US1INAL0005,2019-09-28T00:00:00,,,513.0,0.0,0.0,0.0,0.0,257.9,1998-06-01,2020-03-22,41.21444,"HUNTERTOWN 2.6 ESE, IN US",0.9439,METERS,-85.12422
269,GHCND:US1INAL0005,2019-09-29T00:00:00,,,0.0,0.0,0.0,0.0,0.0,257.9,1998-06-01,2020-03-22,41.21444,"HUNTERTOWN 2.6 ESE, IN US",0.9439,METERS,-85.12422
270,GHCND:US1INAL0005,2019-09-30T00:00:00,,,20.0,0.0,0.0,0.0,0.0,257.9,1998-06-01,2020-03-22,41.21444,"HUNTERTOWN 2.6 ESE, IN US",0.9439,METERS,-85.12422
271,GHCND:US1INAL0005,2019-10-01T00:00:00,,,0.0,0.0,0.0,0.0,0.0,257.9,1998-06-01,2020-03-22,41.21444,"HUNTERTOWN 2.6 ESE, IN US",0.9439,METERS,-85.12422
272,GHCND:US1INAL0005,2019-10-02T00:00:00,,,0.0,0.0,0.0,0.0,0.0,257.9,1998-06-01,2020-03-22,41.21444,"HUNTERTOWN 2.6 ESE, IN US",0.9439,METERS,-85.12422
273,GHCND:US1INAL0005,2019-10-03T00:00:00,,,20.0,0.0,0.0,0.0,0.0,257.9,1998-06-01,2020-03-22,41.21444,"HUNTERTOWN 2.6 ESE, IN US",0.9439,METERS,-85.12422
274,GHCND:US1INAL0005,2019-10-04T00:00:00,,,0.0,0.0,0.0,0.0,0.0,257.9,1998-06-01,2020-03-22,41.21444,"HUNTERTOWN 2.6 ESE, IN US",0.9439,METERS,-85.12422
275,GHCND:US1INAL0005,2019-10-05T00:00:00,,,0.0,0.0,0.0,0.0,0.0,257.9,1998-06-01,2020-03-22,41.21444,"HUNTERTOWN 2.6 ESE, IN US",0.9439,METERS,-85.12422
276,GHCND:US1INAL0005,2019-10-06T00:00:00,,,8.0,0.0,0.0,0.0,0.0,257.9,1998-06-01,2020-03-22,41.21444,"HUNTERTOWN 2.6 ESE, IN US",0.9439,METERS,-85.12422
277,GHCND:US1INAL0005,2019-10-07T00:00:00,,,0.0,0.0,0.0,0.0,0.0,257.9,1998-06-01,2020-03-22,41.21444,"HUNTERTOWN 2.6 ESE, IN US",0.9439,METERS,-85.12422
278,GHCND:US1INAL0005,2019-10-08T00:00:00,,,0.0,0.0,0.0,0.0,0.0,257.9,1998-06-01,2020-03-22,41.21444,"HUNTERTOWN 2.6 ESE, IN US",0.9439,METERS,-85.12422
279,GHCND:US1INAL0005,2019-10-09T00:00:00,,,0.0,0.0,0.0,0.0,0.0,257.9,1998-06-01,2020-03-22,41.21444,"HUNTERTOWN 2.6 ESE, IN US",0.9439,METERS,-85.12422
280,GHCND:US1INAL0005,2019-10-10T00:00:00,,,0.0,0.0,0.0,0.0,0.0,257.9,1998-06-01,2020-03-22,41.21444,"HUNTERTOWN 2.6 ESE, IN US",0.9439,METERS,-85.12422
281,GHCND:US1INAL0005,2019-10-11T00:00:00,,,15.0,0.0,0.0,0.0,0.0,257.9,1998-06-01,2020-03-22,41.21444,"HUNTERTOWN 2.6 ESE, IN US",0.9439,METERS,-85.12422
282,GHCND:US1INAL0005,2019-10-12T00:00:00,,,43.0,0.0,0.0,0.0,0.0,257.9,1998-06-01,2020-03-22,41.21444,"HUNTERTOWN 2.6 ESE, IN US",0.9439,METERS,-85.12422
283,GHCND:US1INAL0005,2019-10-13T00:00:00,,,0.0,0.0,0.0,0.0,0.0,257.9,1998-06-01,2020-03-22,41.21444,"HUNTERTOWN 2.6 ESE, IN US",0.9439,METERS,-85.12422
284,GHCND:US1INAL0005,2019-10-14T00:00:00,,,0.0,0.0,0.0,0.0,0.0,257.9,1998-06-01,2020-03-22,41.21444,"HUNTERTOWN 2.6 ESE, IN US",0.9439,METERS,-85.12422
285,GHCND:US1INAL0005,2019-10-15T00:00:00,,,0.0,0.0,0.0,0.0,0.0,257.9,1998-06-01,2020-03-22,41.21444,"HUNTERTOWN 2.6 ESE, IN US",0.9439,METERS,-85.12422
286,GHCND:US1INAL0005,2019-10-16T00:00:00,,,25.0,0.0,0.0,0.0,0.0,257.9,1998-06-01,2020-03-22,41.21444,"HUNTERTOWN 2.6 ESE, IN US",0.9439,METERS,-85.12422
287,GHCND:US1INAL0005,2019-10-17T00:00:00,,,8.0,0.0,0.0,0.0,0.0,257.9,1998-06-01,2020-03-22,41.21444,"HUNTERTOWN 2.6 ESE, IN US",0.9439,METERS,-85.12422
288,GHCND:US1INAL0005,2019-10-18T00:00:00,,,0.0,0.0,0.0,0.0,0.0,257.9,1998-06-01,2020-03-22,41.21444,"HUNTERTOWN 2.6 ESE, IN US",0.9439,METERS,-85.12422
289,GHCND:US1INAL0005,2019-10-19T00:00:00,,,0.0,0.0,0.0,0.0,0.0,257.9,1998-06-01,2020-03-22,41.21444,"HUNTERTOWN 2.6 ESE, IN US",0.9439,METERS,-85.12422
290,GHCND:US1INAL0005,2019-10-20T00:00:00,,,0.0,0.0,0.0,0.0,0.0,257.9,1998-06-01,2020-03-22,41.21444,"HUNTERTOWN 2.6 ESE, IN US",0.9439,METERS,-85.12422
291,GHCND:US1INAL0005,2019-10-21T00:00:00,,,0.0,0.0,0.0,0.0,0.0,257.9,1998-06-01,2020-03-22,41.21444,"HUNTERTOWN 2.6 ESE, IN US",0.9439,METERS,-85.12422
292,GHCND:US1INAL0005,2019-10-22T00:00:00,,,234.0,0.0,0.0,0.0,0.0,257.9,1998-06-01,2020-03-22,41.21444,"HUNTERTOWN 2.6 ESE, IN US",0.9439,METERS,-85.12422
293,GHCND:US1INAL0005,2019-10-23T00:00:00,,,8.0,0.0,0.0,0.0,0.0,257.9,1998-06-01,2020-03-22,41.21444,"HUNTERTOWN 2.6 ESE, IN US",0.9439,METERS,-85.12422
294,GHCND:US1INAL0005,2019-10-24T00:00:00,,,0.0,0.0,0.0,0.0,0.0,257.9,1998-06-01,2020-03-22,41.21444,"HUNTERTOWN 2.6 ESE, IN US",0.9439,METERS,-85.12422
295,GHCND:US1INAL0005,2019-10-25T00:00:00,,,0.0,0.0,0.0,0.0,0.0,257.9,1998-06-01,2020-03-22,41.21444,"HUNTERTOWN 2.6 ESE, IN US",0.9439,METERS,-85.12422
296,GHCND:US1INAL0005,2019-10-26T00:00:00,,,0.0,0.0,0.0,0.0,0.0,257.9,1998-06-01,2020-03-22,41.21444,"HUNTERTOWN 2.6 ESE, IN US",0.9439,METERS,-85.12422
297,GHCND:US1INAL0005,2019-10-27T00:00:00,,,318.0,0.0,0.0,0.0,0.0,257.9,1998-06-01,2020-03-22,41.21444,"HUNTERTOWN 2.6 ESE, IN US",0.9439,METERS,-85.12422
298,GHCND:US1INAL0005,2019-10-28T00:00:00,,,0.0,0.0,0.0,0.0,0.0,257.9,1998-06-01,2020-03-22,41.21444,"HUNTERTOWN 2.6 ESE, IN US",0.9439,METERS,-85.12422
299,GHCND:US1INAL0005,2019-10-29T00:00:00,,,0.0,0.0,0.0,0.0,0.0,257.9,1998-06-01,2020-03-22,41.21444,"HUNTERTOWN 2.6 ESE, IN US",0.9439,METERS,-85.12422
300,GHCND:US1INAL0005,2019-10-30T00:00:00,,,3.0,0.0,0.0,0.0,0.0,257.9,1998-06-01,2020-03-22,41.21444,"HUNTERTOWN 2.6 ESE, IN US",0.9439,METERS,-85.12422
301,GHCND:US1INAL0005,2019-10-31T00:00:00,,,246.0,0.0,0.0,0.0,0.0,257.9,1998-06-01,2020-03-22,41.21444,"HUNTERTOWN 2.6 ESE, IN US",0.9439,METERS,-85.12422
302,GHCND:US1INAL0005,2019-11-01T00:00:00,,,66.0,0.0,0.0,0.0,0.0,257.9,1998-06-01,2020-03-22,41.21444,"HUNTERTOWN 2.6 ESE, IN US",0.9439,METERS,-85.12422
303,GHCND:US1INAL0005,2019-11-02T00:00:00,,,0.0,0.0,0.0,0.0,0.0,257.9,1998-06-01,2020-03-22,41.21444,"HUNTERTOWN 2.6 ESE, IN US",0.9439,METERS,-85.12422
304,GHCND:US1INAL0005,2019-11-03T00:00:00,,,0.0,0.0,0.0,0.0,0.0,257.9,1998-06-01,2020-03-22,41.21444,"HUNTERTOWN 2.6 ESE, IN US",0.9439,METERS,-85.12422
305,GHCND:US1INAL0005,2019-11-04T00:00:00,,,0.0,0.0,0.0,0.0,0.0,257.9,1998-06-01,2020-03-22,41.21444,"HUNTERTOWN 2.6 ESE, IN US",0.9439,METERS,-85.12422
306,GHCND:US1INAL0005,2019-11-05T00:00:00,,,0.0,0.0,0.0,0.0,0.0,257.9,1998-06-01,2020-03-22,41.21444,"HUNTERTOWN 2.6 ESE, IN US",0.9439,METERS,-85.12422
307,GHCND:US1INAL0005,2019-11-06T00:00:00,,,0.0,0.0,0.0,0.0,0.0,257.9,1998-06-01,2020-03-22,41.21444,"HUNTERTOWN 2.6 ESE, IN US",0.9439,METERS,-85.12422
308,GHCND:US1INAL0005,2019-11-07T00:00:00,,,0.0,0.0,0.0,0.0,0.0,257.9,1998-06-01,2020-03-22,41.21444,"HUNTERTOWN 2.6 ESE, IN US",0.9439,METERS,-85.12422
309,GHCND:US1INAL0005,2019-11-08T00:00:00,,,0.0,0.0,0.0,0.0,0.0,257.9,1998-06-01,2020-03-22,41.21444,"HUNTERTOWN 2.6 ESE, IN US",0.9439,METERS,-85.12422
310,GHCND:US1INAL0005,2019-11-09T00:00:00,,,0.0,0.0,0.0,0.0,0.0,257.9,1998-06-01,2020-03-22,41.21444,"HUNTERTOWN 2.6 ESE, IN US",0.9439,METERS,-85.12422
311,GHCND:US1INAL0005,2019-11-10T00:00:00,,,0.0,0.0,0.0,0.0,0.0,257.9,1998-06-01,2020-03-22,41.21444,"HUNTERTOWN 2.6 ESE, IN US",0.9439,METERS,-85.12422
312,GHCND:US1INAL0005,2019-11-11T00:00:00,,,0.0,0.0,0.0,0.0,0.0,257.9,1998-06-01,2020-03-22,41.21444,"HUNTERTOWN 2.6 ESE, IN US",0.9439,METERS,-85.12422
313,GHCND:US1INAL0005,2019-11-12T00:00:00,,,94.0,51.0,51.0,51.0,51.0,257.9,1998-06-01,2020-03-22,41.21444,"HUNTERTOWN 2.6 ESE, IN US",0.9439,METERS,-85.12422
314,GHCND:US1INAL0005,2019-11-13T00:00:00,,,0.0,0.0,0.0,0.0,0.0,257.9,1998-06-01,2020-03-22,41.21444,"HUNTERTOWN 2.6 ESE, IN US",0.9439,METERS,-85.12422
315,GHCND:US1INAL0005,2019-11-14T00:00:00,,,0.0,0.0,38.0,56.0,0.0,257.9,1998-06-01,2020-03-22,41.21444,"HUNTERTOWN 2.6 ESE, IN US",0.9439,METERS,-85.12422
316,GHCND:US1INAL0005,2019-11-15T00:00:00,,,0.0,0.0,13.0,25.0,0.0,257.9,1998-06-01,2020-03-22,41.21444,"HUNTERTOWN 2.6 ESE, IN US",0.9439,METERS,-85.12422
317,GHCND:US1INAL0005,2019-11-16T00:00:00,,,0.0,0.0,0.0,0.0,0.0,257.9,1998-06-01,2020-03-22,41.21444,"HUNTERTOWN 2.6 ESE, IN US",0.9439,METERS,-85.12422
318,GHCND:US1INAL0005,2019-11-17T00:00:00,,,0.0,0.0,0.0,0.0,0.0,257.9,1998-06-01,2020-03-22,41.21444,"HUNTERTOWN 2.6 ESE, IN US",0.9439,METERS,-85.12422
319,GHCND:US1INAL0005,2019-11-18T00:00:00,,,3.0,0.0,0.0,0.0,0.0,257.9,1998-06-01,2020-03-22,41.21444,"HUNTERTOWN 2.6 ESE, IN US",0.9439,METERS,-85.12422
320,GHCND:US1INAL0005,2019-11-19T00:00:00,,,0.0,0.0,0.0,0.0,0.0,257.9,1998-06-01,2020-03-22,41.21444,"HUNTERTOWN 2.6 ESE, IN US",0.9439,METERS,-85.12422
321,GHCND:US1INAL0005,2019-11-20T00:00:00,,,0.0,0.0,0.0,0.0,0.0,257.9,1998-06-01,2020-03-22,41.21444,"HUNTERTOWN 2.6 ESE, IN US",0.9439,METERS,-85.12422
322,GHCND:US1INAL0005,2019-11-21T00:00:00,,,0.0,0.0,0.0,0.0,0.0,257.9,1998-06-01,2020-03-22,41.21444,"HUNTERTOWN 2.6 ESE, IN US",0.9439,METERS,-85.12422
323,GHCND:US1INAL0005,2019-11-22T00:00:00,,,15.0,0.0,0.0,0.0,0.0,257.9,1998-06-01,2020-03-22,41.21444,"HUNTERTOWN 2.6 ESE, IN US",0.9439,METERS,-85.12422
324,GHCND:US1INAL0005,2019-11-23T00:00:00,,,0.0,0.0,0.0,0.0,0.0,257.9,1998-06-01,2020-03-22,41.21444,"HUNTERTOWN 2.6 ESE, IN US",0.9439,METERS,-85.12422
325,GHCND:US1INAL0005,2019-11-24T00:00:00,,,0.0,0.0,0.0,0.0,0.0,257.9,1998-06-01,2020-03-22,41.21444,"HUNTERTOWN 2.6 ESE, IN US",0.9439,METERS,-85.12422
326,GHCND:US1INAL0005,2019-11-25T00:00:00,,,0.0,0.0,0.0,0.0,0.0,257.9,1998-06-01,2020-03-22,41.21444,"HUNTERTOWN 2.6 ESE, IN US",0.9439,METERS,-85.12422
327,GHCND:US1INAL0005,2019-11-26T00:00:00,,,0.0,0.0,0.0,0.0,0.0,257.9,1998-06-01,2020-03-22,41.21444,"HUNTERTOWN 2.6 ESE, IN US",0.9439,METERS,-85.12422
328,GHCND:US1INAL0005,2019-11-27T00:00:00,,,284.0,0.0,0.0,0.0,0.0,257.9,1998-06-01,2020-03-22,41.21444,"HUNTERTOWN 2.6 ESE, IN US",0.9439,METERS,-85.12422
329,GHCND:US1INAL0005,2019-11-28T00:00:00,,,0.0,0.0,0.0,0.0,0.0,257.9,1998-06-01,2020-03-22,41.21444,"HUNTERTOWN 2.6 ESE, IN US",0.9439,METERS,-85.12422
330,GHCND:US1INAL0005,2019-11-29T00:00:00,,,0.0,0.0,0.0,0.0,0.0,257.9,1998-06-01,2020-03-22,41.21444,"HUNTERTOWN 2.6 ESE, IN US",0.9439,METERS,-85.12422
331,GHCND:US1INAL0005,2019-11-30T00:00:00,,,0.0,0.0,0.0,0.0,0.0,257.9,1998-06-01,2020-03-22,41.21444,"HUNTERTOWN 2.6 ESE, IN US",0.9439,METERS,-85.12422
332,GHCND:US1INAL0005,2019-12-01T00:00:00,,,102.0,0.0,0.0,0.0,0.0,257.9,1998-06-01,2020-03-22,41.21444,"HUNTERTOWN 2.6 ESE, IN US",0.9439,METERS,-85.12422
333,GHCND:US1INAL0005,2019-12-02T00:00:00,,,10.0,0.0,0.0,0.0,0.0,257.9,1998-06-01,2020-03-22,41.21444,"HUNTERTOWN 2.6 ESE, IN US",0.9439,METERS,-85.12422
334,GHCND:US1INAL0005,2019-12-03T00:00:00,,,3.0,0.0,0.0,,,257.9,1998-06-01,2020-03-22,41.21444,"HUNTERTOWN 2.6 ESE, IN US",0.9439,METERS,-85.12422
335,GHCND:US1INAL0005,2019-12-04T00:00:00,,,0.0,0.0,0.0,0.0,0.0,257.9,1998-06-01,2020-03-22,41.21444,"HUNTERTOWN 2.6 ESE, IN US",0.9439,METERS,-85.12422
336,GHCND:US1INAL0005,2019-12-05T00:00:00,,,0.0,0.0,0.0,0.0,0.0,257.9,1998-06-01,2020-03-22,41.21444,"HUNTERTOWN 2.6 ESE, IN US",0.9439,METERS,-85.12422
337,GHCND:US1INAL0005,2019-12-06T00:00:00,,,0.0,0.0,0.0,0.0,0.0,257.9,1998-06-01,2020-03-22,41.21444,"HUNTERTOWN 2.6 ESE, IN US",0.9439,METERS,-85.12422
338,GHCND:US1INAL0005,2019-12-07T00:00:00,,,0.0,0.0,0.0,0.0,0.0,257.9,1998-06-01,2020-03-22,41.21444,"HUNTERTOWN 2.6 ESE, IN US",0.9439,METERS,-85.12422
339,GHCND:US1INAL0005,2019-12-08T00:00:00,,,0.0,0.0,0.0,0.0,0.0,257.9,1998-06-01,2020-03-22,41.21444,"HUNTERTOWN 2.6 ESE, IN US",0.9439,METERS,-85.12422
340,GHCND:US1INAL0005,2019-12-09T00:00:00,,,28.0,0.0,0.0,0.0,0.0,257.9,1998-06-01,2020-03-22,41.21444,"HUNTERTOWN 2.6 ESE, IN US",0.9439,METERS,-85.12422
341,GHCND:US1INAL0005,2019-12-10T00:00:00,,,91.0,0.0,0.0,0.0,0.0,257.9,1998-06-01,2020-03-22,41.21444,"HUNTERTOWN 2.6 ESE, IN US",0.9439,METERS,-85.12422
342,GHCND:US1INAL0005,2019-12-11T00:00:00,,,0.0,0.0,0.0,0.0,0.0,257.9,1998-06-01,2020-03-22,41.21444,"HUNTERTOWN 2.6 ESE, IN US",0.9439,METERS,-85.12422
343,GHCND:US1INAL0005,2019-12-12T00:00:00,,,0.0,0.0,0.0,0.0,0.0,257.9,1998-06-01,2020-03-22,41.21444,"HUNTERTOWN 2.6 ESE, IN US",0.9439,METERS,-85.12422
344,GHCND:US1INAL0005,2019-12-13T00:00:00,,,0.0,0.0,0.0,0.0,0.0,257.9,1998-06-01,2020-03-22,41.21444,"HUNTERTOWN 2.6 ESE, IN US",0.9439,METERS,-85.12422
345,GHCND:US1INAL0005,2019-12-14T00:00:00,,,0.0,0.0,0.0,0.0,0.0,257.9,1998-06-01,2020-03-22,41.21444,"HUNTERTOWN 2.6 ESE, IN US",0.9439,METERS,-85.12422
346,GHCND:US1INAL0005,2019-12-15T00:00:00,,,0.0,0.0,0.0,0.0,0.0,257.9,1998-06-01,2020-03-22,41.21444,"HUNTERTOWN 2.6 ESE, IN US",0.9439,METERS,-85.12422
347,GHCND:US1INAL0005,2019-12-16T00:00:00,,,13.0,13.0,13.0,,13.0,257.9,1998-06-01,2020-03-22,41.21444,"HUNTERTOWN 2.6 ESE, IN US",0.9439,METERS,-85.12422
348,GHCND:US1INAL0005,2019-12-17T00:00:00,,,8.0,5.0,,,,257.9,1998-06-01,2020-03-22,41.21444,"HUNTERTOWN 2.6 ESE, IN US",0.9439,METERS,-85.12422
349,GHCND:US1INAL0005,2019-12-18T00:00:00,,,0.0,0.0,0.0,,,257.9,1998-06-01,2020-03-22,41.21444,"HUNTERTOWN 2.6 ESE, IN US",0.9439,METERS,-85.12422
350,GHCND:US1INAL0005,2019-12-19T00:00:00,,,0.0,0.0,0.0,,,257.9,1998-06-01,2020-03-22,41.21444,"HUNTERTOWN 2.6 ESE, IN US",0.9439,METERS,-85.12422
351,GHCND:US1INAL0005,2019-12-20T00:00:00,,,0.0,0.0,0.0,,0.0,257.9,1998-06-01,2020-03-22,41.21444,"HUNTERTOWN 2.6 ESE, IN US",0.9439,METERS,-85.12422
352,GHCND:US1INAL0005,2019-12-21T00:00:00,,,0.0,0.0,0.0,0.0,0.0,257.9,1998-06-01,2020-03-22,41.21444,"HUNTERTOWN 2.6 ESE, IN US",0.9439,METERS,-85.12422
353,GHCND:US1INAL0005,2019-12-22T00:00:00,,,0.0,0.0,0.0,0.0,0.0,257.9,1998-06-01,2020-03-22,41.21444,"HUNTERTOWN 2.6 ESE, IN US",0.9439,METERS,-85.12422
354,GHCND:US1INAL0005,2019-12-23T00:00:00,,,0.0,0.0,0.0,0.0,0.0,257.9,1998-06-01,2020-03-22,41.21444,"HUNTERTOWN 2.6 ESE, IN US",0.9439,METERS,-85.12422
355,GHCND:US1INAL0005,2019-12-24T00:00:00,,,0.0,0.0,0.0,0.0,0.0,257.9,1998-06-01,2020-03-22,41.21444,"HUNTERTOWN 2.6 ESE, IN US",0.9439,METERS,-85.12422
356,GHCND:US1INAL0005,2019-12-25T00:00:00,,,0.0,0.0,0.0,0.0,0.0,257.9,1998-06-01,2020-03-22,41.21444,"HUNTERTOWN 2.6 ESE, IN US",0.9439,METERS,-85.12422
357,GHCND:US1INAL0005,2019-12-26T00:00:00,,,0.0,0.0,0.0,0.0,0.0,257.9,1998-06-01,2020-03-22,41.21444,"HUNTERTOWN 2.6 ESE, IN US",0.9439,METERS,-85.12422
358,GHCND:US1INAL0005,2019-12-27T00:00:00,,,0.0,0.0,0.0,0.0,0.0,257.9,1998-06-01,2020-03-22,41.21444,"HUNTERTOWN 2.6 ESE, IN US",0.9439,METERS,-85.12422
359,GHCND:US1INAL0005,2019-12-28T00:00:00,,,0.0,0.0,0.0,0.0,0.0,257.9,1998-06-01,2020-03-22,41.21444,"HUNTERTOWN 2.6 ESE, IN US",0.9439,METERS,-85.12422
360,GHCND:US1INAL0005,2019-12-29T00:00:00,,,193.0,0.0,0.0,0.0,0.0,257.9,1998-06-01,2020-03-22,41.21444,"HUNTERTOWN 2.6 ESE, IN US",0.9439,METERS,-85.12422
361,GHCND:US1INAL0005,2019-12-30T00:00:00,,,259.0,0.0,0.0,0.0,0.0,257.9,1998-06-01,2020-03-22,41.21444,"HUNTERTOWN 2.6 ESE, IN US",0.9439,METERS,-85.12422
362,GHCND:US1INAL0005,2019-12-31T00:00:00,,,28.0,13.0,13.0,,,257.9,1998-06-01,2020-03-22,41.21444,"HUNTERTOWN 2.6 ESE, IN US",0.9439,METERS,-85.12422
