,date,PRCP
0,2019-01-01T00:00:00,251.0
1,2019-01-02T00:00:00,0.0
2,2019-01-03T00:00:00,0.0
3,2019-01-04T00:00:00,0.0
4,2019-01-05T00:00:00,0.0
5,2019-01-06T00:00:00,0.0
6,2019-01-07T00:00:00,0.0
7,2019-01-08T00:00:00,18.0
8,2019-01-09T00:00:00,3.0
9,2019-01-10T00:00:00,3.0
10,2019-01-11T00:00:00,0.0
11,2019-01-12T00:00:00,0.0
12,2019-01-13T00:00:00,58.0
13,2019-01-14T00:00:00,0.0
14,2019-01-15T00:00:00,0.0
15,2019-01-16T00:00:00,0.0
16,2019-01-17T00:00:00,0.0
17,2019-01-18T00:00:00,28.0
18,2019-01-19T00:00:00,15.0
19,2019-01-20T00:00:00,66.0
20,2019-01-21T00:00:00,0.0
21,2019-01-22T00:00:00,0.0
22,2019-01-23T00:00:00,152.0
23,2019-01-24T00:00:00,20.0
24,2019-01-25T00:00:00,0.0
25,2019-01-26T00:00:00,8.0
26,2019-01-27T00:00:00,25.0
27,2019-01-28T00:00:00,3.0
28,2019-01-29T00:00:00,43.0
29,2019-01-31T00:00:00,0.0
30,2019-02-01T00:00:00,25.0
31,2019-02-02T00:00:00,0.0
32,2019-02-03T00:00:00,0.0
33,2019-02-04T00:00:00,0.0
34,2019-02-05T00:00:00,23.0
35,2019-02-06T00:00:00,130.0
36,2019-02-07T00:00:00,8.0
37,2019-02-08T00:00:00,25.0
38,2019-02-09T00:00:00,0.0
39,2019-02-10T00:00:00,0.0
40,2019-02-11T00:00:00,30.0
41,2019-02-12T00:00:00,127.0
42,2019-02-13T00:00:00,10.0
43,2019-02-14T00:00:00,0.0
44,2019-02-15T00:00:00,0.0
45,2019-02-16T00:00:00,0.0
46,2019-02-17T00:00:00,0.0
47,2019-02-18T00:00:00,10.0
48,2019-02-19T00:00:00,0.0
49,2019-02-20T00:00:00,25.0
50,2019-02-21T00:00:00,10.0
51,2019-02-22T00:00:00,0.0
52,2019-02-23T00:00:00,0.0
53,2019-02-24T00:00:00,81.0
54,2019-02-25T00:00:00,3.0
55,2019-02-26T00:00:00,0.0
56,2019-02-27T00:00:00,0.0
57,2019-02-28T00:00:00,0.0
58,2019-03-01T00:00:00,0.0
59,2019-03-02T00:00:00,0.0
60,2019-03-03T00:00:00,0.0
61,2019-03-04T00:00:00,8.0
62,2019-03-05T00:00:00,0.0
63,2019-03-06T00:00:00,0.0
64,2019-03-07T00:00:00,0.0
65,2019-03-08T00:00:00,0.0
66,2019-03-09T00:00:00,0.0
67,2019-03-10T00:00:00,254.0
68,2019-03-11T00:00:00,0.0
69,2019-03-12T00:00:00,0.0
70,2019-03-13T00:00:00,0.0
71,2019-03-14T00:00:00,28.0
72,2019-03-15T00:00:00,170.0
73,2019-03-16T00:00:00,13.0
74,2019-03-17T00:00:00,0.0
75,2019-03-18T00:00:00,20.0
76,2019-03-19T00:00:00,0.0
77,2019-03-20T00:00:00,0.0
78,2019-03-21T00:00:00,48.0
79,2019-03-22T00:00:00,0.0
80,2019-03-23T00:00:00,0.0
81,2019-03-24T00:00:00,0.0
82,2019-03-25T00:00:00,20.0
83,2019-03-26T00:00:00,0.0
84,2019-03-27T00:00:00,0.0
85,2019-03-28T00:00:00,10.0
86,2019-03-29T00:00:00,20.0
87,2019-03-30T00:00:00,183.0
88,2019-03-31T00:00:00,178.0
89,2019-04-01T00:00:00,0.0
90,2019-04-02T00:00:00,0.0
91,2019-04-03T00:00:00,0.0
92,2019-04-04T00:00:00,18.0
93,2019-04-05T00:00:00,5.0
94,2019-04-06T00:00:00,0.0
95,2019-04-07T00:00:00,0.0
96,2019-04-08T00:00:00,28.0
97,2019-04-09T00:00:00,0.0
98,2019-04-10T00:00:00,0.0
99,2019-04-11T00:00:00,5.0
100,2019-04-12T00:00:00,66.0
101,2019-04-13T00:00:00,0.0
102,2019-04-14T00:00:00,79.0
103,2019-04-15T00:00:00,51.0
104,2019-04-16T00:00:00,0.0
105,2019-04-17T00:00:00,0.0
106,2019-04-18T00:00:00,10.0
107,2019-04-19T00:00:00,211.0
108,2019-04-20T00:00:00,3.0
109,2019-04-21T00:00:00,234.0
110,2019-04-22T00:00:00,0.0
111,2019-04-23T00:00:00,0.0
112,2019-04-24T00:00:00,0.0
113,2019-04-25T00:00:00,3.0
114,2019-04-26T00:00:00,345.0
115,2019-04-27T00:00:00,5.0
116,2019-04-28T00:00:00,145.0
117,2019-04-29T00:00:00,3.0
118,2019-04-30T00:00:00,117.0
119,2019-05-01T00:00:00,203.0
120,2019-05-02T00:00:00,10.0
121,2019-05-03T00:00:00,20.0
122,2019-05-04T00:00:00,0.0
123,2019-05-05T00:00:00,3.0
124,2019-05-06T00:00:00,0.0
125,2019-05-07T00:00:00,0.0
126,2019-05-08T00:00:00,0.0
127,2019-05-09T00:00:00,0.0
128,2019-05-10T00:00:00,140.0
129,2019-05-11T00:00:00,0.0
130,2019-05-12T00:00:00,20.0
131,2019-05-13T00:00:00,76.0
132,2019-05-14T00:00:00,3.0
133,2019-05-15T00:00:00,0.0
134,2019-05-16T00:00:00,0.0
135,2019-05-17T00:00:00,470.0
136,2019-05-18T00:00:00,5.0
137,2019-05-19T00:00:00,0.0
138,2019-05-20T00:00:00,38.0
139,2019-05-21T00:00:00,5.0
140,2019-05-22T00:00:00,165.0
141,2019-05-23T00:00:00,152.0
142,2019-05-24T00:00:00,3.0
143,2019-05-25T00:00:00,8.0
144,2019-05-26T00:00:00,102.0
145,2019-05-27T00:00:00,8.0
146,2019-05-28T00:00:00,97.0
147,2019-05-29T00:00:00,3.0
148,2019-05-30T00:00:00,3.0
149,2019-05-31T00:00:00,3.0
150,2019-06-01T00:00:00,0.0
151,2019-06-02T00:00:00,5.0
152,2019-06-03T00:00:00,0.0
153,2019-06-04T00:00:00,0.0
154,2019-06-05T00:00:00,41.0
155,2019-06-06T00:00:00,0.0
156,2019-06-07T00:00:00,0.0
157,2019-06-08T00:00:00,0.0
158,2019-06-09T00:00:00,3.0
159,2019-06-10T00:00:00,53.0
160,2019-06-11T00:00:00,0.0
161,2019-06-12T00:00:00,0.0
162,2019-06-13T00:00:00,0.0
163,2019-06-14T00:00:00,76.0
164,2019-06-15T00:00:00,20.0
165,2019-06-16T00:00:00,81.0
166,2019-06-17T00:00:00,3.0
167,2019-06-18T00:00:00,0.0
168,2019-06-19T00:00:00,0.0
169,2019-06-20T00:00:00,318.0
170,2019-06-21T00:00:00,43.0
171,2019-06-22T00:00:00,3.0
172,2019-06-23T00:00:00,0.0
173,2019-06-24T00:00:00,137.0
174,2019-06-25T00:00:00,0.0
175,2019-06-26T00:00:00,0.0
176,2019-06-27T00:00:00,79.0
177,2019-06-28T00:00:00,0.0
178,2019-06-29T00:00:00,0.0
179,2019-06-30T00:00:00,0.0
180,2019-07-01T00:00:00,0.0
181,2019-07-02T00:00:00,0.0
182,2019-07-03T00:00:00,188.0
183,2019-07-04T00:00:00,0.0
184,2019-07-05T00:00:00,0.0
185,2019-07-06T00:00:00,25.0
186,2019-07-07T00:00:00,5.0
187,2019-07-08T00:00:00,0.0
188,2019-07-09T00:00:00,0.0
189,2019-07-10T00:00:00,0.0
190,2019-07-11T00:00:00,0.0
191,2019-07-12T00:00:00,0.0
192,2019-07-13T00:00:00,0.0
193,2019-07-14T00:00:00,305.0
194,2019-07-15T00:00:00,0.0
195,2019-07-16T00:00:00,0.0
196,2019-07-17T00:00:00,25.0
197,2019-07-18T00:00:00,0.0
198,2019-07-19T00:00:00,53.0
199,2019-07-20T00:00:00,0.0
200,2019-07-21T00:00:00,5.0
201,2019-07-22T00:00:00,437.0
202,2019-07-23T00:00:00,0.0
203,2019-07-24T00:00:00,0.0
204,2019-07-25T00:00:00,0.0
205,2019-07-26T00:00:00,0.0
206,2019-07-27T00:00:00,0.0
207,2019-07-28T00:00:00,64.0
208,2019-07-29T00:00:00,0.0
209,2019-07-30T00:00:00,170.0
210,2019-07-31T00:00:00,0.0
211,2019-08-01T00:00:00,0.0
212,2019-08-02T00:00:00,0.0
213,2019-08-03T00:00:00,0.0
214,2019-08-04T00:00:00,0.0
215,2019-08-05T00:00:00,0.0
216,2019-08-06T00:00:00,0.0
217,2019-08-07T00:00:00,38.0
218,2019-08-08T00:00:00,0.0
219,2019-08-09T00:00:00,0.0
220,2019-08-10T00:00:00,0.0
221,2019-08-11T00:00:00,0.0
222,2019-08-12T00:00:00,0.0
223,2019-08-13T00:00:00,279.0
224,2019-08-14T00:00:00,46.0
225,2019-08-15T00:00:00,241.0
226,2019-08-16T00:00:00,3.0
227,2019-08-17T00:00:00,3.0
228,2019-08-18T00:00:00,5.0
229,2019-08-19T00:00:00,168.0
230,2019-08-20T00:00:00,0.0
231,2019-08-21T00:00:00,41.0
232,2019-08-22T00:00:00,38.0
233,2019-08-23T00:00:00,0.0
234,2019-08-24T00:00:00,0.0
235,2019-08-25T00:00:00,0.0
236,2019-08-26T00:00:00,0.0
237,2019-08-27T00:00:00,104.0
238,2019-08-28T00:00:00,20.0
239,2019-08-29T00:00:00,0.0
240,2019-08-30T00:00:00,0.0
241,2019-08-31T00:00:00,0.0
242,2019-09-01T00:00:00,13.0
243,2019-09-02T00:00:00,18.0
244,2019-09-03T00:00:00,0.0
245,2019-09-04T00:00:00,38.0
246,2019-09-05T00:00:00,0.0
247,2019-09-06T00:00:00,0.0
248,2019-09-07T00:00:00,3.0
249,2019-09-08T00:00:00,0.0
250,2019-09-09T00:00:00,10.0
251,2019-09-10T00:00:00,0.0
252,2019-09-12T00:00:00,
253,2019-09-13T00:00:00,0.0
254,2019-09-14T00:00:00,23.0
255,2019-09-15T00:00:00,0.0
256,2019-09-16T00:00:00,18.0
257,2019-09-17T00:00:00,0.0
258,2019-09-18T00:00:00,0.0
259,2019-09-19T00:00:00,0.0
260,2019-09-20T00:00:00,0.0
261,2019-09-21T00:00:00,0.0
262,2019-09-22T00:00:00,0.0
263,2019-09-23T00:00:00,140.0
264,2019-09-24T00:00:00,0.0
265,2019-09-25T00:00:00,0.0
266,2019-09-26T00:00:00,3.0
267,2019-09-27T00:00:00,0.0
268,2019-09-28T00:00:00,513.0
269,2019-09-29T00:00:00,0.0
270,2019-09-30T00:00:00,20.0
271,2019-10-01T00:00:00,0.0
272,2019-10-02T00:00:00,0.0
273,2019-10-03T00:00:00,20.0
274,2019-10-04T00:00:00,0.0
275,2019-10-05T00:00:00,0.0
276,2019-10-06T00:00:00,8.0
277,2019-10-07T00:00:00,0.0
278,2019-10-08T00:00:00,0.0
279,2019-10-09T00:00:00,0.0
280,2019-10-10T00:00:00,0.0
281,2019-10-11T00:00:00,15.0
282,2019-10-12T00:00:00,43.0
283,2019-10-13T00:00:00,0.0
284,2019-10-14T00:00:00,0.0
285,2019-10-15T00:00:00,0.0
286,2019-10-16T00:00:00,25.0
287,2019-10-17T00:00:00,8.0
288,2019-10-18T00:00:00,0.0
289,2019-10-19T00:00:00,0.0
290,2019-10-20T00:00:00,0.0
291,2019-10-21T00:00:00,0.0
292,2019-10-22T00:00:00,234.0
293,2019-10-23T00:00:00,8.0
294,2019-10-24T00:00:00,0.0
295,2019-10-25T00:00:00,0.0
296,2019-10-26T00:00:00,0.0
297,2019-10-27T00:00:00,318.0
298,2019-10-28T00:00:00,0.0
299,2019-10-29T00:00:00,0.0
300,2019-10-30T00:00:00,3.0
301,2019-10-31T00:00:00,246.0
302,2019-11-01T00:00:00,66.0
303,2019-11-02T00:00:00,0.0
304,2019-11-03T00:00:00,0.0
305,2019-11-04T00:00:00,0.0
306,2019-11-05T00:00:00,0.0
307,2019-11-06T00:00:00,0.0
308,2019-11-07T00:00:00,0.0
309,2019-11-08T00:00:00,0.0
310,2019-11-09T00:00:00,0.0
311,2019-11-10T00:00:00,0.0
312,2019-11-11T00:00:00,0.0
313,2019-11-12T00:00:00,94.0
314,2019-11-13T00:00:00,0.0
315,2019-11-14T00:00:00,0.0
316,2019-11-15T00:00:00,0.0
317,2019-11-16T00:00:00,0.0
318,2019-11-17T00:00:00,0.0
319,2019-11-18T00:00:00,3.0
320,2019-11-19T00:00:00,0.0
321,2019-11-20T00:00:00,0.0
322,2019-11-21T00:00:00,0.0
323,2019-11-22T00:00:00,15.0
324,2019-11-23T00:00:00,0.0
325,2019-11-24T00:00:00,0.0
326,2019-11-25T00:00:00,0.0
327,2019-11-26T00:00:00,0.0
328,2019-11-27T00:00:00,284.0
329,2019-11-28T00:00:00,0.0
330,2019-11-29T00:00:00,0.0
331,2019-11-30T00:00:00,0.0
332,2019-12-01T00:00:00,102.0
333,2019-12-02T00:00:00,10.0
334,2019-12-03T00:00:00,3.0
335,2019-12-04T00:00:00,0.0
336,2019-12-05T00:00:00,0.0
337,2019-12-06T00:00:00,0.0
338,2019-12-07T00:00:00,0.0
339,2019-12-08T00:00:00,0.0
340,2019-12-09T00:00:00,28.0
341,2019-12-10T00:00:00,91.0
342,2019-12-11T00:00:00,0.0
343,2019-12-12T00:00:00,0.0
344,2019-12-13T00:00:00,0.0
345,2019-12-14T00:00:00,0.0
346,2019-12-15T00:00:00,0.0
347,2019-12-16T00:00:00,13.0
348,2019-12-17T00:00:00,8.0
349,2019-12-18T00:00:00,0.0
350,2019-12-19T00:00:00,0.0
351,2019-12-20T00:00:00,0.0
352,2019-12-21T00:00:00,0.0
353,2019-12-22T00:00:00,0.0
354,2019-12-23T00:00:00,0.0
355,2019-12-24T00:00:00,0.0
356,2019-12-25T00:00:00,0.0
357,2019-12-26T00:00:00,0.0
358,2019-12-27T00:00:00,0.0
359,2019-12-28T00:00:00,0.0
360,2019-12-29T00:00:00,193.0
361,2019-12-30T00:00:00,259.0
362,2019-12-31T00:00:00,28.0
363,2019-01-01T00:00:00,343.0
364,2019-01-02T00:00:00,0.0
365,2019-01-03T00:00:00,0.0
366,2019-01-04T00:00:00,0.0
367,2019-01-05T00:00:00,0.0
368,2019-01-06T00:00:00,0.0
369,2019-01-07T00:00:00,0.0
370,2019-01-08T00:00:00,10.0
371,2019-01-09T00:00:00,15.0
372,2019-01-10T00:00:00,0.0
373,2019-01-11T00:00:00,0.0
374,2019-01-12T00:00:00,0.0
375,2019-01-13T00:00:00,51.0
376,2019-01-14T00:00:00,0.0
377,2019-01-15T00:00:00,0.0
378,2019-01-16T00:00:00,0.0
379,2019-01-17T00:00:00,0.0
380,2019-01-18T00:00:00,20.0
381,2019-01-19T00:00:00,0.0
382,2019-01-20T00:00:00,48.0
383,2019-01-21T00:00:00,0.0
384,2019-01-22T00:00:00,0.0
385,2019-01-23T00:00:00,140.0
386,2019-01-24T00:00:00,41.0
387,2019-01-25T00:00:00,0.0
388,2019-01-26T00:00:00,8.0
389,2019-01-27T00:00:00,43.0
390,2019-01-28T00:00:00,0.0
391,2019-01-29T00:00:00,3.0
392,2019-01-30T00:00:00,0.0
393,2019-01-31T00:00:00,0.0
394,2019-02-01T00:00:00,51.0
395,2019-02-02T00:00:00,0.0
396,2019-02-03T00:00:00,0.0
397,2019-02-04T00:00:00,0.0
398,2019-02-05T00:00:00,20.0
399,2019-02-06T00:00:00,102.0
400,2019-02-07T00:00:00,41.0
401,2019-02-08T00:00:00,25.0
402,2019-02-09T00:00:00,0.0
403,2019-02-10T00:00:00,0.0
404,2019-02-11T00:00:00,38.0
405,2019-02-12T00:00:00,191.0
406,2019-02-13T00:00:00,3.0
407,2019-02-14T00:00:00,0.0
408,2019-02-15T00:00:00,0.0
409,2019-02-16T00:00:00,0.0
410,2019-02-17T00:00:00,0.0
411,2019-02-18T00:00:00,13.0
412,2019-02-19T00:00:00,0.0
413,2019-02-20T00:00:00,15.0
414,2019-02-21T00:00:00,13.0
415,2019-02-22T00:00:00,0.0
416,2019-02-23T00:00:00,0.0
417,2019-02-24T00:00:00,36.0
418,2019-02-25T00:00:00,0.0
419,2019-02-26T00:00:00,0.0
420,2019-02-27T00:00:00,0.0
421,2019-02-28T00:00:00,0.0
422,2019-03-01T00:00:00,0.0
423,2019-03-02T00:00:00,0.0
424,2019-03-03T00:00:00,0.0
425,2019-03-04T00:00:00,8.0
426,2019-03-05T00:00:00,0.0
427,2019-03-06T00:00:00,0.0
428,2019-03-07T00:00:00,0.0
429,2019-03-08T00:00:00,0.0
430,2019-03-09T00:00:00,0.0
431,2019-03-10T00:00:00,279.0
432,2019-03-11T00:00:00,0.0
433,2019-03-12T00:00:00,0.0
434,2019-03-13T00:00:00,0.0
435,2019-03-14T00:00:00,30.0
436,2019-03-15T00:00:00,86.0
437,2019-03-16T00:00:00,25.0
438,2019-03-17T00:00:00,0.0
439,2019-03-18T00:00:00,8.0
440,2019-03-19T00:00:00,0.0
441,2019-03-20T00:00:00,0.0
442,2019-03-21T00:00:00,15.0
443,2019-03-22T00:00:00,0.0
444,2019-03-23T00:00:00,0.0
445,2019-03-24T00:00:00,0.0
446,2019-03-25T00:00:00,28.0
447,2019-03-26T00:00:00,0.0
448,2019-03-27T00:00:00,0.0
449,2019-03-28T00:00:00,0.0
450,2019-03-29T00:00:00,36.0
451,2019-03-30T00:00:00,178.0
452,2019-03-31T00:00:00,229.0
453,2019-04-01T00:00:00,0.0
454,2019-04-02T00:00:00,0.0
455,2019-04-03T00:00:00,0.0
456,2019-04-04T00:00:00,0.0
457,2019-04-05T00:00:00,23.0
458,2019-04-06T00:00:00,0.0
459,2019-04-07T00:00:00,0.0
460,2019-04-08T00:00:00,10.0
461,2019-04-09T00:00:00,0.0
462,2019-04-10T00:00:00,0.0
463,2019-04-11T00:00:00,3.0
464,2019-04-12T00:00:00,10.0
465,2019-04-13T00:00:00,5.0
466,2019-04-14T00:00:00,84.0
467,2019-04-15T00:00:00,15.0
468,2019-04-16T00:00:00,0.0
469,2019-04-17T00:00:00,0.0
470,2019-04-18T00:00:00,0.0
471,2019-04-19T00:00:00,127.0
472,2019-04-20T00:00:00,0.0
473,2019-04-21T00:00:00,157.0
474,2019-04-22T00:00:00,0.0
475,2019-04-23T00:00:00,0.0
476,2019-04-24T00:00:00,0.0
477,2019-04-25T00:00:00,0.0
478,2019-04-26T00:00:00,226.0
479,2019-04-27T00:00:00,3.0
480,2019-04-28T00:00:00,170.0
481,2019-04-29T00:00:00,0.0
482,2019-04-30T00:00:00,147.0
483,2019-05-01T00:00:00,432.0
484,2019-05-02T00:00:00,0.0
485,2019-05-03T00:00:00,41.0
486,2019-05-04T00:00:00,0.0
487,2019-05-05T00:00:00,0.0
488,2019-05-06T00:00:00,0.0
489,2019-05-07T00:00:00,0.0
490,2019-05-08T00:00:00,0.0
491,2019-05-09T00:00:00,0.0
492,2019-05-10T00:00:00,23.0
493,2019-05-11T00:00:00,0.0
494,2019-05-12T00:00:00,13.0
495,2019-05-13T00:00:00,97.0
496,2019-05-14T00:00:00,0.0
497,2019-05-15T00:00:00,0.0
498,2019-05-16T00:00:00,0.0
499,2019-05-17T00:00:00,152.0
500,2019-05-18T00:00:00,51.0
501,2019-05-19T00:00:00,0.0
502,2019-05-20T00:00:00,3.0
503,2019-05-21T00:00:00,0.0
504,2019-05-22T00:00:00,89.0
505,2019-05-23T00:00:00,84.0
506,2019-05-24T00:00:00,0.0
507,2019-05-25T00:00:00,0.0
508,2019-05-26T00:00:00,76.0
509,2019-05-27T00:00:00,0.0
510,2019-05-28T00:00:00,84.0
511,2019-05-29T00:00:00,0.0
512,2019-05-30T00:00:00,0.0
513,2019-05-31T00:00:00,0.0
514,2019-06-01T00:00:00,0.0
515,2019-06-02T00:00:00,5.0
516,2019-06-03T00:00:00,0.0
517,2019-06-04T00:00:00,0.0
518,2019-06-05T00:00:00,56.0
519,2019-06-06T00:00:00,0.0
520,2019-06-07T00:00:00,0.0
521,2019-06-08T00:00:00,0.0
522,2019-06-09T00:00:00,0.0
523,2019-06-10T00:00:00,56.0
524,2019-06-11T00:00:00,0.0
525,2019-06-12T00:00:00,0.0
526,2019-06-13T00:00:00,0.0
527,2019-06-14T00:00:00,102.0
528,2019-06-15T00:00:00,0.0
529,2019-06-16T00:00:00,102.0
530,2019-06-17T00:00:00,74.0
531,2019-06-18T00:00:00,0.0
532,2019-06-19T00:00:00,0.0
533,2019-06-20T00:00:00,297.0
534,2019-06-21T00:00:00,191.0
535,2019-06-22T00:00:00,0.0
536,2019-06-23T00:00:00,0.0
537,2019-06-24T00:00:00,132.0
538,2019-06-25T00:00:00,0.0
539,2019-06-26T00:00:00,3.0
540,2019-06-27T00:00:00,0.0
541,2019-06-28T00:00:00,0.0
542,2019-06-29T00:00:00,0.0
543,2019-06-30T00:00:00,0.0
544,2019-07-01T00:00:00,0.0
545,2019-07-02T00:00:00,0.0
546,2019-07-03T00:00:00,191.0
547,2019-07-04T00:00:00,0.0
548,2019-07-05T00:00:00,0.0
549,2019-07-06T00:00:00,56.0
550,2019-07-07T00:00:00,564.0
551,2019-07-08T00:00:00,0.0
552,2019-07-09T00:00:00,0.0
553,2019-07-10T00:00:00,0.0
554,2019-07-11T00:00:00,0.0
555,2019-07-12T00:00:00,0.0
556,2019-07-13T00:00:00,0.0
557,2019-07-14T00:00:00,48.0
558,2019-07-15T00:00:00,0.0
559,2019-07-16T00:00:00,3.0
560,2019-07-17T00:00:00,18.0
561,2019-07-18T00:00:00,0.0
562,2019-07-19T00:00:00,10.0
563,2019-07-20T00:00:00,0.0
564,2019-07-21T00:00:00,38.0
565,2019-07-22T00:00:00,254.0
566,2019-07-23T00:00:00,0.0
567,2019-07-24T00:00:00,0.0
568,2019-07-25T00:00:00,0.0
569,2019-07-26T00:00:00,0.0
570,2019-07-27T00:00:00,0.0
571,2019-07-28T00:00:00,0.0
572,2019-07-29T00:00:00,0.0
573,2019-07-30T00:00:00,150.0
574,2019-07-31T00:00:00,0.0
575,2019-08-01T00:00:00,0.0
576,2019-08-02T00:00:00,0.0
577,2019-08-03T00:00:00,0.0
578,2019-08-04T00:00:00,0.0
579,2019-08-05T00:00:00,0.0
580,2019-08-06T00:00:00,0.0
581,2019-08-07T00:00:00,5.0
582,2019-08-08T00:00:00,13.0
583,2019-08-09T00:00:00,0.0
584,2019-08-10T00:00:00,0.0
585,2019-08-11T00:00:00,0.0
586,2019-08-12T00:00:00,0.0
587,2019-08-13T00:00:00,71.0
588,2019-08-14T00:00:00,13.0
589,2019-08-15T00:00:00,130.0
590,2019-08-16T00:00:00,0.0
591,2019-08-17T00:00:00,0.0
592,2019-08-18T00:00:00,18.0
593,2019-08-19T00:00:00,76.0
594,2019-08-20T00:00:00,0.0
595,2019-08-23T00:00:00,
596,2019-08-24T00:00:00,0.0
597,2019-08-25T00:00:00,0.0
598,2019-08-26T00:00:00,0.0
599,2019-08-27T00:00:00,94.0
600,2019-08-28T00:00:00,0.0
601,2019-08-29T00:00:00,0.0
602,2019-08-30T00:00:00,0.0
603,2019-08-31T00:00:00,0.0
604,2019-09-01T00:00:00,5.0
605,2019-09-02T00:00:00,254.0
606,2019-09-03T00:00:00,0.0
607,2019-09-04T00:00:00,10.0
608,2019-09-05T00:00:00,0.0
609,2019-09-06T00:00:00,0.0
610,2019-09-07T00:00:00,0.0
611,2019-09-08T00:00:00,0.0
612,2019-09-09T00:00:00,3.0
613,2019-09-10T00:00:00,0.0
614,2019-09-11T00:00:00,0.0
615,2019-09-12T00:00:00,0.0
616,2019-09-13T00:00:00,0.0
617,2019-09-14T00:00:00,0.0
618,2019-09-15T00:00:00,0.0
619,2019-09-16T00:00:00,13.0
620,2019-09-17T00:00:00,0.0
621,2019-09-18T00:00:00,0.0
622,2019-09-19T00:00:00,0.0
623,2019-09-20T00:00:00,0.0
624,2019-09-21T00:00:00,0.0
625,2019-09-22T00:00:00,0.0
626,2019-09-23T00:00:00,114.0
627,2019-09-24T00:00:00,0.0
628,2019-09-25T00:00:00,0.0
629,2019-09-26T00:00:00,0.0
630,2019-09-27T00:00:00,0.0
631,2019-09-28T00:00:00,419.0
632,2019-09-29T00:00:00,0.0
633,2019-09-30T00:00:00,178.0
634,2019-10-01T00:00:00,0.0
635,2019-10-02T00:00:00,0.0
636,2019-10-03T00:00:00,0.0
637,2019-10-04T00:00:00,0.0
638,2019-10-05T00:00:00,0.0
639,2019-10-06T00:00:00,0.0
640,2019-10-07T00:00:00,8.0
641,2019-10-08T00:00:00,0.0
642,2019-10-09T00:00:00,0.0
643,2019-10-10T00:00:00,0.0
644,2019-10-11T00:00:00,8.0
645,2019-10-12T00:00:00,51.0
646,2019-10-13T00:00:00,0.0
647,2019-10-14T00:00:00,0.0
648,2019-10-15T00:00:00,0.0
649,2019-10-17T00:00:00,
650,2019-10-18T00:00:00,0.0
651,2019-10-19T00:00:00,0.0
652,2019-10-20T00:00:00,0.0
653,2019-10-21T00:00:00,0.0
654,2019-10-22T00:00:00,140.0
655,2019-10-23T00:00:00,0.0
656,2019-10-24T00:00:00,0.0
657,2019-10-25T00:00:00,0.0
658,2019-10-26T00:00:00,0.0
659,2019-10-27T00:00:00,432.0
660,2019-10-28T00:00:00,0.0
661,2019-10-29T00:00:00,0.0
662,2019-10-30T00:00:00,20.0
663,2019-10-31T00:00:00,178.0
664,2019-11-01T00:00:00,173.0
665,2019-11-02T00:00:00,0.0
666,2019-11-03T00:00:00,0.0
667,2019-11-04T00:00:00,0.0
668,2019-11-05T00:00:00,0.0
669,2019-11-06T00:00:00,0.0
670,2019-11-07T00:00:00,0.0
671,2019-11-08T00:00:00,0.0
672,2019-11-09T00:00:00,0.0
673,2019-11-10T00:00:00,0.0
674,2019-11-11T00:00:00,0.0
675,2019-11-12T00:00:00,69.0
676,2019-11-13T00:00:00,0.0
677,2019-11-14T00:00:00,0.0
678,2019-11-15T00:00:00,0.0
679,2019-11-16T00:00:00,0.0
680,2019-11-17T00:00:00,0.0
681,2019-11-18T00:00:00,25.0
682,2019-11-19T00:00:00,0.0
683,2019-11-20T00:00:00,0.0
684,2019-11-21T00:00:00,0.0
685,2019-11-22T00:00:00,5.0
686,2019-11-23T00:00:00,0.0
687,2019-11-24T00:00:00,0.0
688,2019-11-25T00:00:00,0.0
689,2019-11-26T00:00:00,0.0
690,2019-11-27T00:00:00,178.0
691,2019-11-28T00:00:00,0.0
692,2019-11-29T00:00:00,0.0
693,2019-11-30T00:00:00,0.0
694,2019-12-01T00:00:00,127.0
695,2019-12-02T00:00:00,8.0
696,2019-12-03T00:00:00,5.0
697,2019-12-04T00:00:00,0.0
698,2019-12-05T00:00:00,0.0
699,2019-12-06T00:00:00,0.0
700,2019-12-07T00:00:00,0.0
701,2019-12-08T00:00:00,0.0
702,2019-12-09T00:00:00,30.0
703,2019-12-10T00:00:00,74.0
704,2019-12-11T00:00:00,0.0
705,2019-12-12T00:00:00,0.0
706,2019-12-13T00:00:00,0.0
707,2019-12-14T00:00:00,0.0
708,2019-12-15T00:00:00,0.0
709,2019-12-16T00:00:00,10.0
710,2019-12-17T00:00:00,0.0
711,2019-12-18T00:00:00,0.0
712,2019-12-19T00:00:00,0.0
713,2019-12-20T00:00:00,0.0
714,2019-12-21T00:00:00,0.0
715,2019-12-22T00:00:00,0.0
716,2019-12-23T00:00:00,0.0
717,2019-12-24T00:00:00,0.0
718,2019-12-25T00:00:00,0.0
719,2019-12-26T00:00:00,0.0
720,2019-12-27T00:00:00,0.0
721,2019-12-28T00:00:00,0.0
722,2019-12-29T00:00:00,279.0
723,2019-12-30T00:00:00,292.0
724,2019-12-31T00:00:00,8.0
725,2019-05-01T00:00:00,264.0
726,2019-05-02T00:00:00,8.0
727,2019-05-04T00:00:00,
728,2019-04-08T00:00:00,3.0
729,2019-04-11T00:00:00,10.0
730,2019-04-12T00:00:00,58.0
731,2019-04-15T00:00:00,221.0
732,2019-04-21T00:00:00,302.0
733,2019-04-26T00:00:00,290.0
734,2019-04-29T00:00:00,3.0
735,2019-04-30T00:00:00,127.0
736,2019-05-01T00:00:00,373.0
737,2019-05-02T00:00:00,10.0
738,2019-05-10T00:00:00,61.0
739,2019-05-12T00:00:00,23.0
740,2019-05-13T00:00:00,102.0
741,2019-05-14T00:00:00,5.0
742,2019-05-17T00:00:00,295.0
743,2019-05-18T00:00:00,38.0
744,2019-05-20T00:00:00,30.0
745,2019-05-22T00:00:00,208.0
746,2019-05-23T00:00:00,74.0
747,2019-05-28T00:00:00,
748,2019-05-29T00:00:00,8.0
749,2019-06-05T00:00:00,81.0
750,2019-06-10T00:00:00,74.0
751,2019-06-14T00:00:00,119.0
752,2019-06-16T00:00:00,312.0
753,2019-06-20T00:00:00,274.0
754,2019-06-24T00:00:00,150.0
755,2019-06-26T00:00:00,20.0
756,2019-06-27T00:00:00,15.0
757,2019-07-03T00:00:00,127.0
758,2019-07-05T00:00:00,119.0
759,2019-07-14T00:00:00,155.0
760,2019-07-16T00:00:00,8.0
761,2019-07-30T00:00:00,193.0
762,2019-08-07T00:00:00,137.0
763,2019-08-13T00:00:00,117.0
764,2019-08-14T00:00:00,218.0
765,2019-08-15T00:00:00,226.0
766,2019-08-19T00:00:00,
767,2019-08-27T00:00:00,
768,2019-09-03T00:00:00,
769,2019-09-04T00:00:00,147.0
770,2019-09-15T00:00:00,381.0
771,2019-09-22T00:00:00,15.0
772,2019-09-23T00:00:00,191.0
773,2019-10-06T00:00:00,20.0
774,2019-10-17T00:00:00,
775,2019-10-24T00:00:00,
776,2019-10-27T00:00:00,287.0
777,2019-11-01T00:00:00,229.0
778,2019-12-09T00:00:00,132.0
779,2019-03-28T00:00:00,10.0
780,2019-03-29T00:00:00,43.0
781,2019-03-30T00:00:00,193.0
782,2019-03-31T00:00:00,124.0
783,2019-04-05T00:00:00,38.0
784,2019-04-08T00:00:00,8.0
785,2019-04-12T00:00:00,36.0
786,2019-04-13T00:00:00,30.0
787,2019-04-14T00:00:00,89.0
788,2019-04-15T00:00:00,114.0
789,2019-04-19T00:00:00,152.0
790,2019-04-21T00:00:00,124.0
791,2019-04-23T00:00:00,8.0
792,2019-04-26T00:00:00,127.0
793,2019-04-27T00:00:00,43.0
794,2019-04-28T00:00:00,157.0
795,2019-04-30T00:00:00,178.0
796,2019-05-01T00:00:00,292.0
797,2019-05-02T00:00:00,10.0
798,2019-05-03T00:00:00,38.0
799,2019-05-17T00:00:00,119.0
800,2019-05-18T00:00:00,48.0
801,2019-05-20T00:00:00,43.0
802,2019-05-22T00:00:00,43.0
803,2019-05-23T00:00:00,157.0
804,2019-05-26T00:00:00,140.0
805,2019-05-27T00:00:00,5.0
806,2019-05-28T00:00:00,36.0
807,2019-05-29T00:00:00,86.0
808,2019-05-30T00:00:00,3.0
809,2019-05-31T00:00:00,0.0
810,2019-06-02T00:00:00,38.0
811,2019-06-05T00:00:00,74.0
812,2019-06-16T00:00:00,99.0
813,2019-06-17T00:00:00,79.0
814,2019-06-20T00:00:00,528.0
815,2019-06-21T00:00:00,53.0
816,2019-06-23T00:00:00,5.0
817,2019-06-24T00:00:00,150.0
818,2019-06-25T00:00:00,38.0
819,2019-06-26T00:00:00,30.0
820,2019-06-27T00:00:00,23.0
821,2019-07-03T00:00:00,160.0
822,2019-07-14T00:00:00,5.0
823,2019-07-16T00:00:00,5.0
824,2019-07-17T00:00:00,216.0
825,2019-07-19T00:00:00,102.0
826,2019-07-20T00:00:00,28.0
827,2019-07-22T00:00:00,124.0
828,2019-07-30T00:00:00,198.0
829,2019-08-07T00:00:00,69.0
830,2019-08-08T00:00:00,15.0
831,2019-08-13T00:00:00,330.0
832,2019-08-14T00:00:00,30.0
833,2019-08-15T00:00:00,356.0
834,2019-08-19T00:00:00,157.0
835,2019-08-22T00:00:00,25.0
836,2019-08-27T00:00:00,94.0
837,2019-09-04T00:00:00,20.0
838,2019-09-12T00:00:00,51.0
839,2019-09-23T00:00:00,94.0
840,2019-10-22T00:00:00,137.0
841,2019-10-27T00:00:00,361.0
842,2019-10-30T00:00:00,46.0
843,2019-01-01T00:00:00,267.0
844,2019-01-02T00:00:00,0.0
845,2019-01-03T00:00:00,0.0
846,2019-01-04T00:00:00,0.0
847,2019-01-05T00:00:00,0.0
848,2019-01-06T00:00:00,0.0
849,2019-01-07T00:00:00,0.0
850,2019-01-08T00:00:00,13.0
851,2019-01-09T00:00:00,15.0
852,2019-01-10T00:00:00,0.0
853,2019-01-11T00:00:00,0.0
854,2019-01-12T00:00:00,0.0
855,2019-01-13T00:00:00,58.0
856,2019-01-14T00:00:00,0.0
857,2019-01-15T00:00:00,0.0
858,2019-01-16T00:00:00,0.0
859,2019-01-17T00:00:00,0.0
860,2019-01-18T00:00:00,0.0
861,2019-01-19T00:00:00,0.0
862,2019-01-20T00:00:00,114.0
863,2019-01-21T00:00:00,0.0
864,2019-01-22T00:00:00,0.0
865,2019-01-23T00:00:00,165.0
866,2019-01-24T00:00:00,38.0
867,2019-01-25T00:00:00,0.0
868,2019-01-26T00:00:00,0.0
869,2019-01-27T00:00:00,38.0
870,2019-01-28T00:00:00,0.0
871,2019-01-29T00:00:00,76.0
872,2019-01-30T00:00:00,0.0
873,2019-01-31T00:00:00,0.0
874,2019-02-01T00:00:00,25.0
875,2019-02-02T00:00:00,0.0
876,2019-02-03T00:00:00,0.0
877,2019-02-04T00:00:00,0.0
878,2019-02-05T00:00:00,38.0
879,2019-02-06T00:00:00,109.0
880,2019-02-07T00:00:00,33.0
881,2019-02-08T00:00:00,33.0
882,2019-02-09T00:00:00,0.0
883,2019-02-10T00:00:00,0.0
884,2019-02-11T00:00:00,46.0
885,2019-02-12T00:00:00,157.0
886,2019-02-13T00:00:00,13.0
887,2019-02-14T00:00:00,0.0
888,2019-02-15T00:00:00,0.0
889,2019-02-25T00:00:00,
890,2019-02-26T00:00:00,0.0
891,2019-02-27T00:00:00,0.0
892,2019-02-28T00:00:00,0.0
893,2019-03-01T00:00:00,0.0
894,2019-03-02T00:00:00,0.0
895,2019-03-03T00:00:00,0.0
896,2019-03-04T00:00:00,8.0
897,2019-03-05T00:00:00,0.0
898,2019-03-06T00:00:00,0.0
899,2019-03-07T00:00:00,0.0
900,2019-03-08T00:00:00,0.0
901,2019-03-09T00:00:00,0.0
902,2019-03-10T00:00:00,203.0
903,2019-03-11T00:00:00,0.0
904,2019-03-12T00:00:00,0.0
905,2019-03-13T00:00:00,0.0
906,2019-03-14T00:00:00,51.0
907,2019-03-15T00:00:00,147.0
908,2019-03-16T00:00:00,0.0
909,2019-03-17T00:00:00,0.0
910,2019-03-18T00:00:00,0.0
911,2019-03-19T00:00:00,0.0
912,2019-03-21T00:00:00,64.0
913,2019-03-22T00:00:00,0.0
914,2019-03-23T00:00:00,0.0
915,2019-03-24T00:00:00,0.0
916,2019-03-25T00:00:00,38.0
917,2019-03-26T00:00:00,0.0
918,2019-03-27T00:00:00,0.0
919,2019-03-28T00:00:00,0.0
920,2019-03-29T00:00:00,43.0
921,2019-03-30T00:00:00,185.0
922,2019-03-31T00:00:00,170.0
923,2019-04-01T00:00:00,0.0
924,2019-04-02T00:00:00,0.0
925,2019-04-03T00:00:00,0.0
926,2019-04-04T00:00:00,0.0
927,2019-04-05T00:00:00,41.0
928,2019-04-06T00:00:00,0.0
929,2019-04-07T00:00:00,0.0
930,2019-04-08T00:00:00,8.0
931,2019-04-09T00:00:00,0.0
932,2019-04-10T00:00:00,0.0
933,2019-04-11T00:00:00,0.0
934,2019-04-12T00:00:00,76.0
935,2019-04-13T00:00:00,0.0
936,2019-04-14T00:00:00,94.0
937,2019-04-15T00:00:00,114.0
938,2019-04-17T00:00:00,0.0
939,2019-04-18T00:00:00,0.0
940,2019-04-19T00:00:00,170.0
941,2019-04-20T00:00:00,0.0
942,2019-04-21T00:00:00,112.0
943,2019-04-22T00:00:00,0.0
944,2019-04-23T00:00:00,10.0
945,2019-04-24T00:00:00,0.0
946,2019-04-25T00:00:00,0.0
947,2019-04-26T00:00:00,135.0
948,2019-04-27T00:00:00,0.0
949,2019-04-28T00:00:00,157.0
950,2019-04-29T00:00:00,0.0
951,2019-04-30T00:00:00,170.0
952,2019-05-01T00:00:00,254.0
953,2019-05-02T00:00:00,0.0
954,2019-05-03T00:00:00,30.0
955,2019-05-04T00:00:00,0.0
956,2019-05-05T00:00:00,0.0
957,2019-05-06T00:00:00,0.0
958,2019-05-07T00:00:00,0.0
959,2019-05-08T00:00:00,0.0
960,2019-05-09T00:00:00,0.0
961,2019-05-10T00:00:00,64.0
962,2019-05-11T00:00:00,0.0
963,2019-05-12T00:00:00,20.0
964,2019-05-13T00:00:00,84.0
965,2019-05-14T00:00:00,0.0
966,2019-05-15T00:00:00,0.0
967,2019-05-16T00:00:00,0.0
968,2019-05-17T00:00:00,160.0
969,2019-05-18T00:00:00,51.0
970,2019-05-19T00:00:00,0.0
971,2019-05-20T00:00:00,25.0
972,2019-05-21T00:00:00,38.0
973,2019-05-22T00:00:00,76.0
974,2019-05-23T00:00:00,81.0
975,2019-05-24T00:00:00,0.0
976,2019-05-25T00:00:00,56.0
977,2019-05-26T00:00:00,135.0
978,2019-05-27T00:00:00,13.0
979,2019-05-28T00:00:00,84.0
980,2019-05-29T00:00:00,74.0
981,2019-05-30T00:00:00,0.0
982,2019-05-31T00:00:00,0.0
983,2019-06-01T00:00:00,0.0
984,2019-06-02T00:00:00,64.0
985,2019-06-03T00:00:00,0.0
986,2019-06-04T00:00:00,0.0
987,2019-06-05T00:00:00,38.0
988,2019-06-06T00:00:00,0.0
989,2019-06-07T00:00:00,0.0
990,2019-06-08T00:00:00,0.0
991,2019-06-09T00:00:00,0.0
992,2019-06-10T00:00:00,84.0
993,2019-06-11T00:00:00,0.0
994,2019-06-12T00:00:00,0.0
995,2019-06-13T00:00:00,0.0
996,2019-06-14T00:00:00,170.0
997,2019-06-15T00:00:00,15.0
998,2019-06-16T00:00:00,160.0
999,2019-06-17T00:00:00,0.0
1000,2019-06-18T00:00:00,0.0
1001,2019-06-19T00:00:00,0.0
1002,2019-06-20T00:00:00,394.0
1003,2019-06-21T00:00:00,160.0
1004,2019-06-22T00:00:00,0.0
1005,2019-06-23T00:00:00,0.0
1006,2019-06-24T00:00:00,135.0
1007,2019-06-25T00:00:00,61.0
1008,2019-06-26T00:00:00,23.0
1009,2019-06-27T00:00:00,152.0
1010,2019-06-28T00:00:00,0.0
1011,2019-06-29T00:00:00,0.0
1012,2019-06-30T00:00:00,0.0
1013,2019-07-01T00:00:00,0.0
1014,2019-07-02T00:00:00,0.0
1015,2019-07-03T00:00:00,91.0
1016,2019-07-04T00:00:00,0.0
1017,2019-07-05T00:00:00,0.0
1018,2019-07-06T00:00:00,0.0
1019,2019-07-07T00:00:00,368.0
1020,2019-07-08T00:00:00,0.0
1021,2019-07-09T00:00:00,0.0
1022,2019-07-10T00:00:00,0.0
1023,2019-07-11T00:00:00,0.0
1024,2019-07-12T00:00:00,0.0
1025,2019-07-13T00:00:00,0.0
1026,2019-07-14T00:00:00,5.0
1027,2019-07-15T00:00:00,0.0
1028,2019-07-16T00:00:00,0.0
1029,2019-07-17T00:00:00,109.0
1030,2019-07-18T00:00:00,0.0
1031,2019-07-19T00:00:00,97.0
1032,2019-07-20T00:00:00,20.0
1033,2019-07-21T00:00:00,0.0
1034,2019-07-22T00:00:00,102.0
1035,2019-07-23T00:00:00,0.0
1036,2019-07-24T00:00:00,0.0
1037,2019-07-25T00:00:00,0.0
1038,2019-07-26T00:00:00,0.0
1039,2019-07-27T00:00:00,0.0
1040,2019-07-28T00:00:00,0.0
1041,2019-07-30T00:00:00,394.0
1042,2019-07-31T00:00:00,0.0
1043,2019-08-01T00:00:00,0.0
1044,2019-08-02T00:00:00,0.0
1045,2019-08-03T00:00:00,0.0
1046,2019-08-04T00:00:00,0.0
1047,2019-08-05T00:00:00,0.0
1048,2019-08-06T00:00:00,0.0
1049,2019-08-07T00:00:00,69.0
1050,2019-08-08T00:00:00,25.0
1051,2019-08-09T00:00:00,0.0
1052,2019-08-10T00:00:00,0.0
1053,2019-08-11T00:00:00,0.0
1054,2019-08-12T00:00:00,0.0
1055,2019-08-13T00:00:00,401.0
1056,2019-08-14T00:00:00,241.0
1057,2019-08-15T00:00:00,315.0
1058,2019-08-16T00:00:00,0.0
1059,2019-08-17T00:00:00,0.0
1060,2019-08-18T00:00:00,0.0
1061,2019-08-19T00:00:00,130.0
1062,2019-08-20T00:00:00,0.0
1063,2019-08-21T00:00:00,0.0
1064,2019-08-22T00:00:00,43.0
1065,2019-08-23T00:00:00,0.0
1066,2019-08-24T00:00:00,0.0
1067,2019-08-25T00:00:00,0.0
1068,2019-08-26T00:00:00,0.0
1069,2019-08-27T00:00:00,76.0
1070,2019-08-28T00:00:00,0.0
1071,2019-08-29T00:00:00,0.0
1072,2019-08-30T00:00:00,0.0
1073,2019-08-31T00:00:00,0.0
1074,2019-09-01T00:00:00,102.0
1075,2019-09-02T00:00:00,25.0
1076,2019-09-03T00:00:00,0.0
1077,2019-09-05T00:00:00,0.0
1078,2019-09-06T00:00:00,0.0
1079,2019-09-07T00:00:00,8.0
1080,2019-09-08T00:00:00,0.0
1081,2019-09-09T00:00:00,8.0
1082,2019-09-10T00:00:00,0.0
1083,2019-09-11T00:00:00,0.0
1084,2019-09-12T00:00:00,74.0
1085,2019-09-13T00:00:00,0.0
1086,2019-09-14T00:00:00,0.0
1087,2019-09-15T00:00:00,0.0
1088,2019-09-16T00:00:00,41.0
1089,2019-09-17T00:00:00,0.0
1090,2019-09-18T00:00:00,0.0
1091,2019-09-19T00:00:00,0.0
1092,2019-09-20T00:00:00,0.0
1093,2019-09-21T00:00:00,0.0
1094,2019-09-22T00:00:00,0.0
1095,2019-09-23T00:00:00,122.0
1096,2019-09-24T00:00:00,0.0
1097,2019-09-25T00:00:00,0.0
1098,2019-09-26T00:00:00,0.0
1099,2019-09-28T00:00:00,919.0
1100,2019-09-29T00:00:00,0.0
1101,2019-09-30T00:00:00,117.0
1102,2019-10-01T00:00:00,0.0
1103,2019-10-02T00:00:00,0.0
1104,2019-10-03T00:00:00,15.0
1105,2019-10-04T00:00:00,0.0
1106,2019-10-05T00:00:00,0.0
1107,2019-10-06T00:00:00,25.0
1108,2019-10-07T00:00:00,0.0
1109,2019-10-08T00:00:00,0.0
1110,2019-10-09T00:00:00,0.0
1111,2019-10-10T00:00:00,0.0
1112,2019-10-11T00:00:00,15.0
1113,2019-10-12T00:00:00,0.0
1114,2019-10-13T00:00:00,0.0
1115,2019-10-14T00:00:00,0.0
1116,2019-10-15T00:00:00,0.0
1117,2019-10-16T00:00:00,18.0
1118,2019-10-17T00:00:00,13.0
1119,2019-10-18T00:00:00,0.0
1120,2019-10-19T00:00:00,0.0
1121,2019-10-20T00:00:00,0.0
1122,2019-10-21T00:00:00,0.0
1123,2019-10-22T00:00:00,127.0
1124,2019-10-23T00:00:00,13.0
1125,2019-10-24T00:00:00,0.0
1126,2019-10-25T00:00:00,0.0
1127,2019-10-26T00:00:00,0.0
1128,2019-10-27T00:00:00,386.0
1129,2019-10-28T00:00:00,0.0
1130,2019-10-29T00:00:00,0.0
1131,2019-10-30T00:00:00,51.0
1132,2019-10-31T00:00:00,183.0
1133,2019-11-01T00:00:00,157.0
1134,2019-11-02T00:00:00,0.0
1135,2019-11-03T00:00:00,0.0
1136,2019-11-04T00:00:00,0.0
1137,2019-11-05T00:00:00,0.0
1138,2019-11-06T00:00:00,0.0
1139,2019-11-07T00:00:00,0.0
1140,2019-11-08T00:00:00,0.0
1141,2019-11-09T00:00:00,0.0
1142,2019-11-10T00:00:00,0.0
1143,2019-11-11T00:00:00,0.0
1144,2019-11-12T00:00:00,0.0
1145,2019-11-13T00:00:00,0.0
1146,2019-11-14T00:00:00,10.0
1147,2019-11-15T00:00:00,0.0
1148,2019-11-16T00:00:00,0.0
1149,2019-11-17T00:00:00,0.0
1150,2019-11-18T00:00:00,20.0
1151,2019-11-19T00:00:00,0.0
1152,2019-11-20T00:00:00,0.0
1153,2019-11-21T00:00:00,0.0
1154,2019-11-22T00:00:00,10.0
1155,2019-11-23T00:00:00,0.0
1156,2019-11-24T00:00:00,0.0
1157,2019-11-25T00:00:00,0.0
1158,2019-11-26T00:00:00,0.0
1159,2019-11-29T00:00:00,0.0
1160,2019-11-30T00:00:00,0.0
1161,2019-12-01T00:00:00,94.0
1162,2019-12-02T00:00:00,0.0
1163,2019-12-03T00:00:00,0.0
1164,2019-12-04T00:00:00,0.0
1165,2019-12-05T00:00:00,0.0
1166,2019-12-06T00:00:00,0.0
1167,2019-12-07T00:00:00,0.0
1168,2019-12-08T00:00:00,0.0
1169,2019-12-09T00:00:00,58.0
1170,2019-12-10T00:00:00,69.0
1171,2019-12-11T00:00:00,0.0
1172,2019-12-12T00:00:00,0.0
1173,2019-12-13T00:00:00,0.0
1174,2019-12-14T00:00:00,0.0
1175,2019-12-15T00:00:00,0.0
1176,2019-12-16T00:00:00,20.0
1177,2019-12-17T00:00:00,0.0
1178,2019-12-18T00:00:00,0.0
1179,2019-12-19T00:00:00,0.0
1180,2019-12-20T00:00:00,0.0
1181,2019-12-21T00:00:00,0.0
1182,2019-12-22T00:00:00,0.0
1183,2019-12-23T00:00:00,0.0
1184,2019-12-24T00:00:00,0.0
1185,2019-12-25T00:00:00,0.0
1186,2019-12-26T00:00:00,0.0
1187,2019-12-27T00:00:00,0.0
1188,2019-12-28T00:00:00,0.0
1189,2019-12-29T00:00:00,152.0
1190,2019-12-30T00:00:00,246.0
1191,2019-12-31T00:00:00,36.0
1192,2019-01-01T00:00:00,0.0
1193,2019-01-02T00:00:00,0.0
1194,2019-01-03T00:00:00,0.0
1195,2019-01-04T00:00:00,0.0
1196,2019-01-05T00:00:00,0.0
1197,2019-01-06T00:00:00,0.0
1198,2019-01-07T00:00:00,13.0
1199,2019-01-08T00:00:00,8.0
1200,2019-01-09T00:00:00,3.0
1201,2019-01-10T00:00:00,0.0
1202,2019-01-11T00:00:00,0.0
1203,2019-01-12T00:00:00,30.0
1204,2019-01-13T00:00:00,0.0
1205,2019-01-14T00:00:00,0.0
1206,2019-01-15T00:00:00,0.0
1207,2019-01-16T00:00:00,0.0
1208,2019-01-17T00:00:00,8.0
1209,2019-01-18T00:00:00,0.0
1210,2019-01-19T00:00:00,56.0
1211,2019-01-20T00:00:00,0.0
1212,2019-01-21T00:00:00,0.0
1213,2019-01-22T00:00:00,0.0
1214,2019-01-23T00:00:00,124.0
1215,2019-01-24T00:00:00,0.0
1216,2019-01-25T00:00:00,0.0
1217,2019-01-26T00:00:00,5.0
1218,2019-01-27T00:00:00,30.0
1219,2019-01-28T00:00:00,64.0
1220,2019-01-29T00:00:00,5.0
1221,2019-01-30T00:00:00,0.0
1222,2019-01-31T00:00:00,0.0
1223,2019-02-01T00:00:00,13.0
1224,2019-02-02T00:00:00,0.0
1225,2019-02-03T00:00:00,0.0
1226,2019-02-04T00:00:00,8.0
1227,2019-02-05T00:00:00,36.0
1228,2019-02-06T00:00:00,97.0
1229,2019-02-07T00:00:00,36.0
1230,2019-02-08T00:00:00,0.0
1231,2019-02-09T00:00:00,0.0
1232,2019-02-10T00:00:00,0.0
1233,2019-02-11T00:00:00,48.0
1234,2019-02-12T00:00:00,178.0
1235,2019-02-13T00:00:00,0.0
1236,2019-02-14T00:00:00,0.0
1237,2019-02-15T00:00:00,0.0
1238,2019-02-16T00:00:00,0.0
1239,2019-02-17T00:00:00,0.0
1240,2019-02-18T00:00:00,13.0
1241,2019-02-19T00:00:00,0.0
1242,2019-02-20T00:00:00,28.0
1243,2019-02-21T00:00:00,0.0
1244,2019-02-22T00:00:00,0.0
1245,2019-02-23T00:00:00,0.0
1246,2019-02-24T00:00:00,41.0
1247,2019-02-25T00:00:00,0.0
1248,2019-02-26T00:00:00,0.0
1249,2019-02-27T00:00:00,0.0
1250,2019-02-28T00:00:00,0.0
1251,2019-03-01T00:00:00,0.0
1252,2019-03-02T00:00:00,0.0
1253,2019-03-03T00:00:00,5.0
1254,2019-03-04T00:00:00,3.0
1255,2019-03-05T00:00:00,0.0
1256,2019-03-06T00:00:00,0.0
1257,2019-03-07T00:00:00,0.0
1258,2019-03-08T00:00:00,0.0
1259,2019-03-09T00:00:00,0.0
1260,2019-03-10T00:00:00,221.0
1261,2019-03-11T00:00:00,0.0
1262,2019-03-12T00:00:00,0.0
1263,2019-03-13T00:00:00,0.0
1264,2019-03-14T00:00:00,130.0
1265,2019-03-15T00:00:00,0.0
1266,2019-03-16T00:00:00,8.0
1267,2019-03-17T00:00:00,3.0
1268,2019-03-18T00:00:00,0.0
1269,2019-03-19T00:00:00,0.0
1270,2019-03-20T00:00:00,0.0
1271,2019-03-21T00:00:00,25.0
1272,2019-03-22T00:00:00,0.0
1273,2019-03-23T00:00:00,0.0
1274,2019-03-24T00:00:00,0.0
1275,2019-03-25T00:00:00,13.0
1276,2019-03-26T00:00:00,0.0
1277,2019-03-27T00:00:00,0.0
1278,2019-03-28T00:00:00,13.0
1279,2019-03-29T00:00:00,0.0
1280,2019-03-30T00:00:00,330.0
1281,2019-03-31T00:00:00,13.0
1282,2019-04-01T00:00:00,0.0
1283,2019-04-02T00:00:00,0.0
1284,2019-04-03T00:00:00,0.0
1285,2019-04-04T00:00:00,5.0
1286,2019-04-05T00:00:00,0.0
1287,2019-04-06T00:00:00,0.0
1288,2019-04-07T00:00:00,0.0
1289,2019-04-08T00:00:00,33.0
1290,2019-04-09T00:00:00,0.0
1291,2019-04-10T00:00:00,0.0
1292,2019-04-11T00:00:00,8.0
1293,2019-04-12T00:00:00,79.0
1294,2019-04-13T00:00:00,0.0
1295,2019-04-14T00:00:00,33.0
1296,2019-04-15T00:00:00,211.0
1297,2019-04-16T00:00:00,0.0
1298,2019-04-17T00:00:00,0.0
1299,2019-04-18T00:00:00,0.0
1300,2019-04-19T00:00:00,208.0
1301,2019-04-20T00:00:00,25.0
1302,2019-04-21T00:00:00,46.0
1303,2019-04-22T00:00:00,0.0
1304,2019-04-23T00:00:00,0.0
1305,2019-04-24T00:00:00,0.0
1306,2019-04-25T00:00:00,23.0
1307,2019-04-26T00:00:00,249.0
1308,2019-04-27T00:00:00,33.0
1309,2019-04-28T00:00:00,160.0
1310,2019-04-29T00:00:00,3.0
1311,2019-04-30T00:00:00,114.0
1312,2019-05-01T00:00:00,318.0
1313,2019-05-02T00:00:00,13.0
1314,2019-05-03T00:00:00,64.0
1315,2019-05-04T00:00:00,0.0
1316,2019-05-05T00:00:00,0.0
1317,2019-05-06T00:00:00,0.0
1318,2019-05-07T00:00:00,0.0
1319,2019-05-08T00:00:00,0.0
1320,2019-05-09T00:00:00,48.0
1321,2019-05-10T00:00:00,0.0
1322,2019-05-11T00:00:00,0.0
1323,2019-05-12T00:00:00,25.0
1324,2019-05-13T00:00:00,46.0
1325,2019-05-14T00:00:00,0.0
1326,2019-05-15T00:00:00,0.0
1327,2019-05-16T00:00:00,381.0
1328,2019-05-17T00:00:00,38.0
1329,2019-05-18T00:00:00,38.0
1330,2019-05-19T00:00:00,0.0
1331,2019-05-20T00:00:00,25.0
1332,2019-05-21T00:00:00,0.0
1333,2019-05-22T00:00:00,165.0
1334,2019-05-23T00:00:00,104.0
1335,2019-05-24T00:00:00,0.0
1336,2019-05-25T00:00:00,0.0
1337,2019-05-26T00:00:00,81.0
1338,2019-05-27T00:00:00,0.0
1339,2019-05-28T00:00:00,76.0
1340,2019-05-29T00:00:00,3.0
1341,2019-05-30T00:00:00,5.0
1342,2019-05-31T00:00:00,0.0
1343,2019-06-01T00:00:00,0.0
1344,2019-06-02T00:00:00,0.0
1345,2019-06-03T00:00:00,0.0
1346,2019-06-04T00:00:00,0.0
1347,2019-06-05T00:00:00,58.0
1348,2019-06-06T00:00:00,0.0
1349,2019-06-07T00:00:00,0.0
1350,2019-06-08T00:00:00,0.0
1351,2019-06-09T00:00:00,25.0
1352,2019-06-10T00:00:00,0.0
1353,2019-06-11T00:00:00,0.0
1354,2019-06-12T00:00:00,0.0
1355,2019-06-13T00:00:00,152.0
1356,2019-06-14T00:00:00,0.0
1357,2019-06-15T00:00:00,8.0
1358,2019-06-16T00:00:00,211.0
1359,2019-06-17T00:00:00,0.0
1360,2019-06-18T00:00:00,0.0
1361,2019-06-19T00:00:00,343.0
1362,2019-06-20T00:00:00,236.0
1363,2019-06-21T00:00:00,0.0
1364,2019-06-22T00:00:00,0.0
1365,2019-06-23T00:00:00,0.0
1366,2019-06-24T00:00:00,188.0
1367,2019-06-25T00:00:00,0.0
1368,2019-06-26T00:00:00,0.0
1369,2019-06-27T00:00:00,13.0
1370,2019-06-28T00:00:00,0.0
1371,2019-06-29T00:00:00,0.0
1372,2019-06-30T00:00:00,0.0
1373,2019-07-01T00:00:00,13.0
1374,2019-07-02T00:00:00,135.0
1375,2019-07-03T00:00:00,0.0
1376,2019-07-04T00:00:00,0.0
1377,2019-07-05T00:00:00,3.0
1378,2019-07-06T00:00:00,343.0
1379,2019-07-07T00:00:00,38.0
1380,2019-07-08T00:00:00,0.0
1381,2019-07-09T00:00:00,0.0
1382,2019-07-10T00:00:00,0.0
1383,2019-07-11T00:00:00,0.0
1384,2019-07-12T00:00:00,0.0
1385,2019-07-13T00:00:00,0.0
1386,2019-07-14T00:00:00,279.0
1387,2019-07-15T00:00:00,0.0
1388,2019-07-16T00:00:00,5.0
1389,2019-07-17T00:00:00,236.0
1390,2019-07-18T00:00:00,107.0
1391,2019-07-19T00:00:00,0.0
1392,2019-07-20T00:00:00,0.0
1393,2019-07-21T00:00:00,30.0
1394,2019-07-22T00:00:00,152.0
1395,2019-07-23T00:00:00,0.0
1396,2019-07-24T00:00:00,0.0
1397,2019-07-25T00:00:00,0.0
1398,2019-07-26T00:00:00,0.0
1399,2019-07-27T00:00:00,0.0
1400,2019-07-28T00:00:00,0.0
1401,2019-07-29T00:00:00,284.0
1402,2019-07-30T00:00:00,0.0
1403,2019-07-31T00:00:00,0.0
1404,2019-08-01T00:00:00,0.0
1405,2019-08-02T00:00:00,0.0
1406,2019-08-03T00:00:00,0.0
1407,2019-08-04T00:00:00,0.0
1408,2019-08-05T00:00:00,0.0
1409,2019-08-06T00:00:00,0.0
1410,2019-08-07T00:00:00,74.0
1411,2019-08-08T00:00:00,0.0
1412,2019-08-09T00:00:00,0.0
1413,2019-08-10T00:00:00,0.0
1414,2019-08-11T00:00:00,0.0
1415,2019-08-12T00:00:00,0.0
1416,2019-08-13T00:00:00,203.0
1417,2019-08-14T00:00:00,175.0
1418,2019-08-15T00:00:00,0.0
1419,2019-08-16T00:00:00,0.0
1420,2019-08-17T00:00:00,43.0
1421,2019-08-18T00:00:00,10.0
1422,2019-08-19T00:00:00,175.0
1423,2019-08-20T00:00:00,0.0
1424,2019-08-21T00:00:00,0.0
1425,2019-08-22T00:00:00,36.0
1426,2019-08-23T00:00:00,0.0
1427,2019-08-24T00:00:00,0.0
1428,2019-08-25T00:00:00,0.0
1429,2019-08-26T00:00:00,0.0
1430,2019-08-27T00:00:00,0.0
1431,2019-08-28T00:00:00,0.0
1432,2019-08-29T00:00:00,0.0
1433,2019-08-30T00:00:00,0.0
1434,2019-08-31T00:00:00,0.0
1435,2019-09-01T00:00:00,264.0
1436,2019-09-02T00:00:00,0.0
1437,2019-09-03T00:00:00,0.0
1438,2019-09-04T00:00:00,28.0
1439,2019-09-05T00:00:00,0.0
1440,2019-09-06T00:00:00,0.0
1441,2019-09-07T00:00:00,0.0
1442,2019-09-08T00:00:00,0.0
1443,2019-09-09T00:00:00,3.0
1444,2019-09-10T00:00:00,0.0
1445,2019-09-11T00:00:00,0.0
1446,2019-09-12T00:00:00,0.0
1447,2019-09-13T00:00:00,0.0
1448,2019-09-14T00:00:00,0.0
1449,2019-09-15T00:00:00,0.0
1450,2019-09-16T00:00:00,0.0
1451,2019-09-17T00:00:00,0.0
1452,2019-09-18T00:00:00,0.0
1453,2019-09-19T00:00:00,0.0
1454,2019-09-20T00:00:00,0.0
1455,2019-09-21T00:00:00,0.0
1456,2019-09-22T00:00:00,0.0
1457,2019-09-23T00:00:00,168.0
1458,2019-09-24T00:00:00,58.0
1459,2019-09-25T00:00:00,0.0
1460,2019-09-26T00:00:00,0.0
1461,2019-09-27T00:00:00,0.0
1462,2019-09-28T00:00:00,0.0
1463,2019-09-29T00:00:00,508.0
1464,2019-09-30T00:00:00,0.0
1465,2019-10-01T00:00:00,0.0
1466,2019-10-02T00:00:00,0.0
1467,2019-10-03T00:00:00,3.0
1468,2019-10-04T00:00:00,0.0
1469,2019-10-05T00:00:00,0.0
1470,2019-10-06T00:00:00,8.0
1471,2019-10-07T00:00:00,0.0
1472,2019-10-08T00:00:00,0.0
1473,2019-10-09T00:00:00,0.0
1474,2019-10-10T00:00:00,0.0
1475,2019-10-11T00:00:00,0.0
1476,2019-10-12T00:00:00,81.0
1477,2019-10-13T00:00:00,0.0
1478,2019-10-14T00:00:00,0.0
1479,2019-10-15T00:00:00,0.0
1480,2019-10-16T00:00:00,13.0
1481,2019-10-17T00:00:00,3.0
1482,2019-10-18T00:00:00,0.0
1483,2019-10-19T00:00:00,0.0
1484,2019-10-20T00:00:00,0.0
1485,2019-10-21T00:00:00,112.0
1486,2019-10-22T00:00:00,20.0
1487,2019-10-23T00:00:00,0.0
1488,2019-10-24T00:00:00,0.0
1489,2019-10-25T00:00:00,0.0
1490,2019-10-27T00:00:00,
1491,2019-10-28T00:00:00,89.0
1492,2019-10-29T00:00:00,0.0
1493,2019-10-31T00:00:00,
1494,2019-11-01T00:00:00,0.0
1495,2019-11-02T00:00:00,0.0
1496,2019-11-03T00:00:00,0.0
1497,2019-11-04T00:00:00,0.0
1498,2019-11-05T00:00:00,0.0
1499,2019-11-06T00:00:00,0.0
1500,2019-11-07T00:00:00,0.0
1501,2019-11-08T00:00:00,0.0
1502,2019-11-09T00:00:00,0.0
1503,2019-11-10T00:00:00,0.0
1504,2019-11-11T00:00:00,43.0
1505,2019-11-12T00:00:00,41.0
1506,2019-11-13T00:00:00,0.0
1507,2019-11-14T00:00:00,3.0
1508,2019-11-15T00:00:00,0.0
1509,2019-11-16T00:00:00,0.0
1510,2019-11-17T00:00:00,0.0
1511,2019-11-18T00:00:00,0.0
1512,2019-11-19T00:00:00,0.0
1513,2019-11-20T00:00:00,0.0
1514,2019-11-21T00:00:00,0.0
1515,2019-11-22T00:00:00,15.0
1516,2019-11-23T00:00:00,0.0
1517,2019-11-24T00:00:00,0.0
1518,2019-11-25T00:00:00,0.0
1519,2019-11-26T00:00:00,0.0
1520,2019-11-27T00:00:00,218.0
1521,2019-11-28T00:00:00,0.0
1522,2019-11-29T00:00:00,0.0
1523,2019-11-30T00:00:00,0.0
1524,2019-12-01T00:00:00,13.0
1525,2019-12-02T00:00:00,5.0
1526,2019-12-03T00:00:00,0.0
1527,2019-12-04T00:00:00,0.0
1528,2019-12-05T00:00:00,0.0
1529,2019-12-06T00:00:00,0.0
1530,2019-12-07T00:00:00,0.0
1531,2019-12-08T00:00:00,0.0
1532,2019-12-09T00:00:00,51.0
1533,2019-12-10T00:00:00,0.0
1534,2019-12-11T00:00:00,0.0
1535,2019-12-12T00:00:00,0.0
1536,2019-12-13T00:00:00,0.0
1537,2019-12-14T00:00:00,0.0
1538,2019-12-15T00:00:00,0.0
1539,2019-12-16T00:00:00,13.0
1540,2019-12-17T00:00:00,0.0
1541,2019-12-18T00:00:00,0.0
1542,2019-12-19T00:00:00,0.0
1543,2019-12-20T00:00:00,0.0
1544,2019-12-21T00:00:00,0.0
1545,2019-12-22T00:00:00,0.0
1546,2019-12-23T00:00:00,0.0
1547,2019-12-24T00:00:00,0.0
1548,2019-12-25T00:00:00,0.0
1549,2019-12-26T00:00:00,0.0
1550,2019-12-27T00:00:00,0.0
1551,2019-12-28T00:00:00,0.0
1552,2019-12-29T00:00:00,356.0
1553,2019-12-30T00:00:00,241.0
1554,2019-12-31T00:00:00,13.0
1555,2019-01-01T00:00:00,345.0
1556,2019-01-02T00:00:00,0.0
1557,2019-01-03T00:00:00,0.0
1558,2019-01-04T00:00:00,0.0
1559,2019-01-05T00:00:00,0.0
1560,2019-01-06T00:00:00,0.0
1561,2019-01-07T00:00:00,0.0
1562,2019-01-08T00:00:00,18.0
1563,2019-01-09T00:00:00,5.0
1564,2019-01-10T00:00:00,3.0
1565,2019-01-11T00:00:00,0.0
1566,2019-01-12T00:00:00,0.0
1567,2019-01-13T00:00:00,64.0
1568,2019-01-14T00:00:00,0.0
1569,2019-01-15T00:00:00,0.0
1570,2019-01-16T00:00:00,0.0
1571,2019-01-17T00:00:00,0.0
1572,2019-01-18T00:00:00,25.0
1573,2019-01-19T00:00:00,10.0
1574,2019-01-20T00:00:00,91.0
1575,2019-01-21T00:00:00,0.0
1576,2019-01-22T00:00:00,0.0
1577,2019-01-23T00:00:00,122.0
1578,2019-01-24T00:00:00,36.0
1579,2019-01-25T00:00:00,0.0
1580,2019-01-26T00:00:00,5.0
1581,2019-01-27T00:00:00,33.0
1582,2019-01-28T00:00:00,3.0
1583,2019-01-29T00:00:00,51.0
1584,2019-01-30T00:00:00,3.0
1585,2019-01-31T00:00:00,0.0
1586,2019-02-01T00:00:00,23.0
1587,2019-02-02T00:00:00,0.0
1588,2019-02-03T00:00:00,0.0
1589,2019-02-04T00:00:00,0.0
1590,2019-02-05T00:00:00,38.0
1591,2019-02-06T00:00:00,132.0
1592,2019-02-07T00:00:00,18.0
1593,2019-02-08T00:00:00,13.0
1594,2019-02-09T00:00:00,0.0
1595,2019-02-10T00:00:00,0.0
1596,2019-02-11T00:00:00,36.0
1597,2019-02-12T00:00:00,178.0
1598,2019-02-13T00:00:00,13.0
1599,2019-02-14T00:00:00,0.0
1600,2019-02-15T00:00:00,0.0
1601,2019-02-16T00:00:00,0.0
1602,2019-02-17T00:00:00,0.0
1603,2019-02-18T00:00:00,15.0
1604,2019-02-19T00:00:00,0.0
1605,2019-02-20T00:00:00,28.0
1606,2019-02-21T00:00:00,13.0
1607,2019-02-22T00:00:00,0.0
1608,2019-02-23T00:00:00,0.0
1609,2019-02-24T00:00:00,46.0
1610,2019-02-25T00:00:00,0.0
1611,2019-02-26T00:00:00,0.0
1612,2019-02-27T00:00:00,0.0
1613,2019-02-28T00:00:00,0.0
1614,2019-03-01T00:00:00,0.0
1615,2019-03-02T00:00:00,0.0
1616,2019-03-03T00:00:00,0.0
1617,2019-03-04T00:00:00,20.0
1618,2019-03-05T00:00:00,3.0
1619,2019-03-06T00:00:00,3.0
1620,2019-03-07T00:00:00,0.0
1621,2019-03-08T00:00:00,0.0
1622,2019-03-09T00:00:00,0.0
1623,2019-03-10T00:00:00,246.0
1624,2019-03-11T00:00:00,0.0
1625,2019-03-12T00:00:00,0.0
1626,2019-03-13T00:00:00,0.0
1627,2019-03-14T00:00:00,33.0
1628,2019-03-15T00:00:00,84.0
1629,2019-03-16T00:00:00,18.0
1630,2019-03-17T00:00:00,0.0
1631,2019-03-18T00:00:00,13.0
1632,2019-03-19T00:00:00,0.0
1633,2019-03-20T00:00:00,0.0
1634,2019-03-21T00:00:00,28.0
1635,2019-03-22T00:00:00,0.0
1636,2019-03-23T00:00:00,0.0
1637,2019-03-24T00:00:00,0.0
1638,2019-03-25T00:00:00,20.0
1639,2019-03-26T00:00:00,0.0
1640,2019-03-27T00:00:00,0.0
1641,2019-03-28T00:00:00,10.0
1642,2019-03-29T00:00:00,20.0
1643,2019-03-30T00:00:00,160.0
1644,2019-03-31T00:00:00,183.0
1645,2019-04-01T00:00:00,0.0
1646,2019-04-02T00:00:00,0.0
1647,2019-04-03T00:00:00,0.0
1648,2019-04-04T00:00:00,5.0
1649,2019-04-05T00:00:00,8.0
1650,2019-04-06T00:00:00,0.0
1651,2019-04-07T00:00:00,0.0
1652,2019-04-08T00:00:00,25.0
1653,2019-04-09T00:00:00,0.0
1654,2019-04-10T00:00:00,0.0
1655,2019-04-11T00:00:00,5.0
1656,2019-04-12T00:00:00,43.0
1657,2019-04-13T00:00:00,5.0
1658,2019-04-14T00:00:00,109.0
1659,2019-04-15T00:00:00,109.0
1660,2019-04-16T00:00:00,0.0
1661,2019-04-17T00:00:00,0.0
1662,2019-04-18T00:00:00,0.0
1663,2019-04-19T00:00:00,201.0
1664,2019-04-20T00:00:00,3.0
1665,2019-04-21T00:00:00,175.0
1666,2019-04-22T00:00:00,0.0
1667,2019-04-23T00:00:00,0.0
1668,2019-04-24T00:00:00,0.0
1669,2019-04-25T00:00:00,0.0
1670,2019-04-26T00:00:00,274.0
1671,2019-04-27T00:00:00,30.0
1672,2019-04-28T00:00:00,163.0
1673,2019-04-29T00:00:00,3.0
1674,2019-04-30T00:00:00,127.0
1675,2019-05-01T00:00:00,312.0
1676,2019-05-02T00:00:00,5.0
1677,2019-05-03T00:00:00,56.0
1678,2019-05-04T00:00:00,0.0
1679,2019-05-05T00:00:00,0.0
1680,2019-05-06T00:00:00,0.0
1681,2019-05-07T00:00:00,0.0
1682,2019-05-08T00:00:00,0.0
1683,2019-05-09T00:00:00,0.0
1684,2019-05-10T00:00:00,66.0
1685,2019-05-11T00:00:00,0.0
1686,2019-05-12T00:00:00,33.0
1687,2019-05-13T00:00:00,97.0
1688,2019-05-14T00:00:00,0.0
1689,2019-05-15T00:00:00,0.0
1690,2019-05-16T00:00:00,0.0
1691,2019-05-17T00:00:00,409.0
1692,2019-05-18T00:00:00,38.0
1693,2019-05-19T00:00:00,0.0
1694,2019-05-20T00:00:00,25.0
1695,2019-05-21T00:00:00,0.0
1696,2019-05-22T00:00:00,147.0
1697,2019-05-23T00:00:00,150.0
1698,2019-05-24T00:00:00,0.0
1699,2019-05-25T00:00:00,0.0
1700,2019-05-26T00:00:00,107.0
1701,2019-05-27T00:00:00,3.0
1702,2019-05-28T00:00:00,69.0
1703,2019-05-29T00:00:00,5.0
1704,2019-05-30T00:00:00,3.0
1705,2019-05-31T00:00:00,0.0
1706,2019-06-01T00:00:00,0.0
1707,2019-06-02T00:00:00,0.0
1708,2019-06-03T00:00:00,0.0
1709,2019-06-04T00:00:00,0.0
1710,2019-06-05T00:00:00,41.0
1711,2019-06-06T00:00:00,0.0
1712,2019-06-07T00:00:00,0.0
1713,2019-06-08T00:00:00,0.0
1714,2019-06-09T00:00:00,5.0
1715,2019-06-10T00:00:00,48.0
1716,2019-06-11T00:00:00,0.0
1717,2019-06-12T00:00:00,0.0
1718,2019-06-13T00:00:00,0.0
1719,2019-06-14T00:00:00,94.0
1720,2019-06-15T00:00:00,8.0
1721,2019-06-16T00:00:00,277.0
1722,2019-06-17T00:00:00,5.0
1723,2019-06-18T00:00:00,0.0
1724,2019-06-19T00:00:00,0.0
1725,2019-06-20T00:00:00,378.0
1726,2019-06-21T00:00:00,145.0
1727,2019-06-22T00:00:00,0.0
1728,2019-06-23T00:00:00,0.0
1729,2019-06-24T00:00:00,127.0
1730,2019-06-25T00:00:00,61.0
1731,2019-06-26T00:00:00,0.0
1732,2019-06-27T00:00:00,28.0
1733,2019-06-28T00:00:00,0.0
1734,2019-06-29T00:00:00,0.0
1735,2019-06-30T00:00:00,0.0
1736,2019-07-01T00:00:00,0.0
1737,2019-07-02T00:00:00,0.0
1738,2019-07-03T00:00:00,152.0
1739,2019-07-04T00:00:00,0.0
1740,2019-07-05T00:00:00,0.0
1741,2019-07-06T00:00:00,323.0
1742,2019-07-07T00:00:00,74.0
1743,2019-07-08T00:00:00,0.0
1744,2019-07-09T00:00:00,0.0
1745,2019-07-10T00:00:00,0.0
1746,2019-07-11T00:00:00,0.0
1747,2019-07-12T00:00:00,0.0
1748,2019-07-13T00:00:00,0.0
1749,2019-07-14T00:00:00,122.0
1750,2019-07-15T00:00:00,0.0
1751,2019-07-16T00:00:00,3.0
1752,2019-07-17T00:00:00,36.0
1753,2019-07-18T00:00:00,0.0
1754,2019-07-19T00:00:00,36.0
1755,2019-07-20T00:00:00,0.0
1756,2019-07-21T00:00:00,20.0
1757,2019-07-22T00:00:00,335.0
1758,2019-07-23T00:00:00,0.0
1759,2019-07-24T00:00:00,0.0
1760,2019-07-25T00:00:00,0.0
1761,2019-07-26T00:00:00,0.0
1762,2019-07-27T00:00:00,0.0
1763,2019-07-28T00:00:00,5.0
1764,2019-07-29T00:00:00,0.0
1765,2019-07-30T00:00:00,132.0
1766,2019-07-31T00:00:00,0.0
1767,2019-08-01T00:00:00,0.0
1768,2019-08-02T00:00:00,0.0
1769,2019-08-03T00:00:00,0.0
1770,2019-08-04T00:00:00,0.0
1771,2019-08-05T00:00:00,0.0
1772,2019-08-06T00:00:00,0.0
1773,2019-08-07T00:00:00,122.0
1774,2019-08-08T00:00:00,3.0
1775,2019-08-09T00:00:00,0.0
1776,2019-08-10T00:00:00,0.0
1777,2019-08-11T00:00:00,0.0
1778,2019-08-12T00:00:00,5.0
1779,2019-08-13T00:00:00,254.0
1780,2019-08-14T00:00:00,152.0
1781,2019-08-15T00:00:00,122.0
1782,2019-08-16T00:00:00,0.0
1783,2019-08-17T00:00:00,0.0
1784,2019-08-18T00:00:00,25.0
1785,2019-08-19T00:00:00,513.0
1786,2019-08-20T00:00:00,0.0
1787,2019-08-21T00:00:00,0.0
1788,2019-08-22T00:00:00,71.0
1789,2019-08-23T00:00:00,0.0
1790,2019-08-24T00:00:00,0.0
1791,2019-08-25T00:00:00,0.0
1792,2019-08-26T00:00:00,0.0
1793,2019-08-27T00:00:00,94.0
1794,2019-08-28T00:00:00,0.0
1795,2019-08-29T00:00:00,0.0
1796,2019-08-30T00:00:00,0.0
1797,2019-08-31T00:00:00,0.0
1798,2019-09-01T00:00:00,157.0
1799,2019-09-02T00:00:00,89.0
1800,2019-09-03T00:00:00,0.0
1801,2019-09-04T00:00:00,38.0
1802,2019-09-05T00:00:00,0.0
1803,2019-09-06T00:00:00,0.0
1804,2019-09-07T00:00:00,0.0
1805,2019-09-08T00:00:00,0.0
1806,2019-09-09T00:00:00,3.0
1807,2019-09-10T00:00:00,0.0
1808,2019-09-11T00:00:00,0.0
1809,2019-09-12T00:00:00,0.0
1810,2019-09-13T00:00:00,0.0
1811,2019-09-14T00:00:00,3.0
1812,2019-09-15T00:00:00,0.0
1813,2019-09-16T00:00:00,30.0
1814,2019-09-17T00:00:00,0.0
1815,2019-09-18T00:00:00,0.0
1816,2019-09-19T00:00:00,0.0
1817,2019-09-20T00:00:00,0.0
1818,2019-09-21T00:00:00,0.0
1819,2019-09-22T00:00:00,127.0
1820,2019-09-23T00:00:00,132.0
1821,2019-09-24T00:00:00,0.0
1822,2019-09-25T00:00:00,0.0
1823,2019-09-26T00:00:00,0.0
1824,2019-09-27T00:00:00,0.0
1825,2019-09-28T00:00:00,465.0
1826,2019-09-29T00:00:00,0.0
1827,2019-09-30T00:00:00,91.0
1828,2019-10-01T00:00:00,0.0
1829,2019-10-02T00:00:00,0.0
1830,2019-10-03T00:00:00,3.0
1831,2019-10-04T00:00:00,0.0
1832,2019-10-05T00:00:00,0.0
1833,2019-10-06T00:00:00,13.0
1834,2019-10-07T00:00:00,0.0
1835,2019-10-08T00:00:00,0.0
1836,2019-10-09T00:00:00,0.0
1837,2019-10-10T00:00:00,0.0
1838,2019-10-11T00:00:00,3.0
1839,2019-10-12T00:00:00,76.0
1840,2019-10-13T00:00:00,0.0
1841,2019-10-14T00:00:00,0.0
1842,2019-10-15T00:00:00,0.0
1843,2019-10-16T00:00:00,15.0
1844,2019-10-17T00:00:00,8.0
1845,2019-10-18T00:00:00,0.0
1846,2019-10-19T00:00:00,0.0
1847,2019-10-20T00:00:00,0.0
1848,2019-10-21T00:00:00,0.0
1849,2019-10-22T00:00:00,173.0
1850,2019-10-23T00:00:00,20.0
1851,2019-10-24T00:00:00,0.0
1852,2019-10-25T00:00:00,0.0
1853,2019-10-26T00:00:00,0.0
1854,2019-10-27T00:00:00,378.0
1855,2019-10-28T00:00:00,0.0
1856,2019-10-29T00:00:00,0.0
1857,2019-10-30T00:00:00,13.0
1858,2019-10-31T00:00:00,191.0
1859,2019-11-01T00:00:00,140.0
1860,2019-11-02T00:00:00,0.0
1861,2019-11-03T00:00:00,0.0
1862,2019-11-04T00:00:00,0.0
1863,2019-11-05T00:00:00,0.0
1864,2019-11-06T00:00:00,0.0
1865,2019-11-07T00:00:00,0.0
1866,2019-11-08T00:00:00,0.0
1867,2019-11-09T00:00:00,0.0
1868,2019-11-10T00:00:00,0.0
1869,2019-11-11T00:00:00,0.0
1870,2019-11-12T00:00:00,97.0
1871,2019-11-13T00:00:00,0.0
1872,2019-11-14T00:00:00,3.0
1873,2019-11-15T00:00:00,0.0
1874,2019-11-16T00:00:00,0.0
1875,2019-11-17T00:00:00,0.0
1876,2019-11-18T00:00:00,13.0
1877,2019-11-19T00:00:00,0.0
1878,2019-11-20T00:00:00,0.0
1879,2019-11-21T00:00:00,0.0
1880,2019-11-22T00:00:00,13.0
1881,2019-11-23T00:00:00,0.0
1882,2019-11-24T00:00:00,0.0
1883,2019-11-25T00:00:00,0.0
1884,2019-11-26T00:00:00,0.0
1885,2019-11-27T00:00:00,221.0
1886,2019-11-28T00:00:00,0.0
1887,2019-11-29T00:00:00,0.0
1888,2019-11-30T00:00:00,0.0
1889,2019-12-01T00:00:00,102.0
1890,2019-12-02T00:00:00,10.0
1891,2019-12-03T00:00:00,0.0
1892,2019-12-04T00:00:00,0.0
1893,2019-12-05T00:00:00,0.0
1894,2019-12-06T00:00:00,0.0
1895,2019-12-07T00:00:00,0.0
1896,2019-12-08T00:00:00,0.0
1897,2019-12-09T00:00:00,46.0
1898,2019-12-10T00:00:00,76.0
1899,2019-12-11T00:00:00,0.0
1900,2019-12-12T00:00:00,0.0
1901,2019-12-13T00:00:00,0.0
1902,2019-12-14T00:00:00,0.0
1903,2019-12-15T00:00:00,0.0
1904,2019-12-16T00:00:00,13.0
1905,2019-12-17T00:00:00,0.0
1906,2019-12-18T00:00:00,0.0
1907,2019-12-19T00:00:00,0.0
1908,2019-12-20T00:00:00,0.0
1909,2019-12-21T00:00:00,0.0
1910,2019-12-22T00:00:00,0.0
1911,2019-12-23T00:00:00,0.0
1912,2019-12-24T00:00:00,0.0
1913,2019-12-25T00:00:00,0.0
1914,2019-12-26T00:00:00,0.0
1915,2019-12-27T00:00:00,0.0
1916,2019-12-28T00:00:00,0.0
1917,2019-12-29T00:00:00,282.0
1918,2019-12-30T00:00:00,249.0
1919,2019-12-31T00:00:00,10.0
1920,2019-01-01T00:00:00,0.0
1921,2019-01-02T00:00:00,0.0
1922,2019-01-03T00:00:00,3.0
1923,2019-01-04T00:00:00,0.0
1924,2019-01-05T00:00:00,0.0
1925,2019-01-06T00:00:00,0.0
1926,2019-01-07T00:00:00,33.0
1927,2019-01-08T00:00:00,0.0
1928,2019-01-09T00:00:00,0.0
1929,2019-01-10T00:00:00,0.0
1930,2019-01-11T00:00:00,0.0
1931,2019-01-12T00:00:00,5.0
1932,2019-01-13T00:00:00,104.0
1933,2019-01-14T00:00:00,0.0
1934,2019-01-15T00:00:00,5.0
1935,2019-01-16T00:00:00,0.0
1936,2019-01-17T00:00:00,18.0
1937,2019-01-18T00:00:00,8.0
1938,2019-01-19T00:00:00,119.0
1939,2019-01-20T00:00:00,0.0
1940,2019-01-21T00:00:00,0.0
1941,2019-01-22T00:00:00,0.0
1942,2019-01-23T00:00:00,165.0
1943,2019-01-24T00:00:00,0.0
1944,2019-01-25T00:00:00,0.0
1945,2019-01-26T00:00:00,8.0
1946,2019-01-27T00:00:00,43.0
1947,2019-01-28T00:00:00,43.0
1948,2019-01-29T00:00:00,0.0
1949,2019-01-30T00:00:00,0.0
1950,2019-01-31T00:00:00,0.0
1951,2019-02-01T00:00:00,28.0
1952,2019-02-02T00:00:00,0.0
1953,2019-02-03T00:00:00,0.0
1954,2019-02-04T00:00:00,25.0
1955,2019-02-05T00:00:00,8.0
1956,2019-02-06T00:00:00,173.0
1957,2019-02-07T00:00:00,38.0
1958,2019-02-08T00:00:00,5.0
1959,2019-02-09T00:00:00,0.0
1960,2019-02-10T00:00:00,25.0
1961,2019-02-11T00:00:00,8.0
1962,2019-02-12T00:00:00,236.0
1963,2019-02-13T00:00:00,0.0
1964,2019-02-14T00:00:00,0.0
1965,2019-02-15T00:00:00,0.0
1966,2019-02-16T00:00:00,0.0
1967,2019-02-17T00:00:00,0.0
1968,2019-02-18T00:00:00,5.0
1969,2019-02-19T00:00:00,0.0
1970,2019-02-20T00:00:00,64.0
1971,2019-02-21T00:00:00,0.0
1972,2019-02-22T00:00:00,0.0
1973,2019-02-23T00:00:00,0.0
1974,2019-02-24T00:00:00,61.0
1975,2019-02-25T00:00:00,0.0
1976,2019-02-26T00:00:00,0.0
1977,2019-02-27T00:00:00,0.0
1978,2019-02-28T00:00:00,0.0
1979,2019-03-01T00:00:00,0.0
1980,2019-03-02T00:00:00,0.0
1981,2019-03-03T00:00:00,5.0
1982,2019-03-04T00:00:00,0.0
1983,2019-03-05T00:00:00,0.0
1984,2019-03-06T00:00:00,0.0
1985,2019-03-07T00:00:00,0.0
1986,2019-03-08T00:00:00,0.0
1987,2019-03-09T00:00:00,0.0
1988,2019-03-10T00:00:00,267.0
1989,2019-03-11T00:00:00,0.0
1990,2019-03-12T00:00:00,0.0
1991,2019-03-13T00:00:00,18.0
1992,2019-03-14T00:00:00,119.0
1993,2019-03-15T00:00:00,20.0
1994,2019-03-16T00:00:00,0.0
1995,2019-03-17T00:00:00,10.0
1996,2019-03-18T00:00:00,0.0
1997,2019-03-19T00:00:00,0.0
1998,2019-03-20T00:00:00,8.0
1999,2019-03-21T00:00:00,30.0
2000,2019-03-22T00:00:00,0.0
2001,2019-03-23T00:00:00,0.0
2002,2019-03-24T00:00:00,0.0
2003,2019-03-25T00:00:00,18.0
2004,2019-03-26T00:00:00,0.0
2005,2019-03-27T00:00:00,0.0
2006,2019-03-28T00:00:00,15.0
2007,2019-03-29T00:00:00,25.0
2008,2019-03-30T00:00:00,208.0
2009,2019-03-31T00:00:00,140.0
2010,2019-04-01T00:00:00,0.0
2011,2019-04-02T00:00:00,0.0
2012,2019-04-03T00:00:00,0.0
2013,2019-04-04T00:00:00,20.0
2014,2019-04-05T00:00:00,8.0
2015,2019-04-06T00:00:00,0.0
2016,2019-04-07T00:00:00,0.0
2017,2019-04-08T00:00:00,33.0
2018,2019-04-09T00:00:00,0.0
2019,2019-04-10T00:00:00,0.0
2020,2019-04-11T00:00:00,0.0
2021,2019-04-12T00:00:00,71.0
2022,2019-04-13T00:00:00,0.0
2023,2019-04-14T00:00:00,211.0
2024,2019-04-15T00:00:00,33.0
2025,2019-04-16T00:00:00,0.0
2026,2019-04-17T00:00:00,0.0
2027,2019-04-18T00:00:00,130.0
2028,2019-04-19T00:00:00,89.0
2029,2019-04-20T00:00:00,114.0
2030,2019-04-21T00:00:00,71.0
2031,2019-04-22T00:00:00,0.0
2032,2019-04-23T00:00:00,0.0
2033,2019-04-24T00:00:00,0.0
2034,2019-04-25T00:00:00,5.0
2035,2019-04-26T00:00:00,320.0
2036,2019-04-27T00:00:00,8.0
2037,2019-04-28T00:00:00,165.0
2038,2019-04-29T00:00:00,127.0
2039,2019-04-30T00:00:00,56.0
2040,2019-05-01T00:00:00,284.0
2041,2019-05-02T00:00:00,23.0
2042,2019-05-03T00:00:00,41.0
2043,2019-05-04T00:00:00,3.0
2044,2019-05-05T00:00:00,0.0
2045,2019-05-06T00:00:00,0.0
2046,2019-05-07T00:00:00,0.0
2047,2019-05-08T00:00:00,0.0
2048,2019-05-09T00:00:00,56.0
2049,2019-05-10T00:00:00,0.0
2050,2019-05-11T00:00:00,0.0
2051,2019-05-12T00:00:00,25.0
2052,2019-05-13T00:00:00,99.0
2053,2019-05-14T00:00:00,0.0
2054,2019-05-15T00:00:00,0.0
2055,2019-05-16T00:00:00,0.0
2056,2019-05-17T00:00:00,419.0
2057,2019-05-18T00:00:00,36.0
2058,2019-05-19T00:00:00,20.0
2059,2019-05-20T00:00:00,0.0
2060,2019-05-21T00:00:00,46.0
2061,2019-05-22T00:00:00,175.0
2062,2019-05-23T00:00:00,81.0
2063,2019-05-24T00:00:00,5.0
2064,2019-05-25T00:00:00,25.0
2065,2019-05-26T00:00:00,97.0
2066,2019-05-27T00:00:00,0.0
2067,2019-05-28T00:00:00,64.0
2068,2019-05-29T00:00:00,5.0
2069,2019-05-30T00:00:00,0.0
2070,2019-05-31T00:00:00,0.0
2071,2019-06-01T00:00:00,0.0
2072,2019-06-02T00:00:00,0.0
2073,2019-06-03T00:00:00,0.0
2074,2019-06-04T00:00:00,0.0
2075,2019-06-05T00:00:00,51.0
2076,2019-06-06T00:00:00,0.0
2077,2019-06-07T00:00:00,0.0
2078,2019-06-08T00:00:00,0.0
2079,2019-06-09T00:00:00,30.0
2080,2019-06-10T00:00:00,18.0
2081,2019-06-11T00:00:00,0.0
2082,2019-06-12T00:00:00,0.0
2083,2019-06-13T00:00:00,97.0
2084,2019-06-14T00:00:00,0.0
2085,2019-06-15T00:00:00,104.0
2086,2019-06-16T00:00:00,152.0
2087,2019-06-17T00:00:00,0.0
2088,2019-06-18T00:00:00,0.0
2089,2019-06-19T00:00:00,66.0
2090,2019-06-20T00:00:00,368.0
2091,2019-06-21T00:00:00,0.0
2092,2019-06-22T00:00:00,0.0
2093,2019-06-23T00:00:00,0.0
2094,2019-06-24T00:00:00,135.0
2095,2019-06-25T00:00:00,38.0
2096,2019-06-26T00:00:00,0.0
2097,2019-06-27T00:00:00,23.0
2098,2019-06-28T00:00:00,0.0
2099,2019-06-29T00:00:00,0.0
2100,2019-06-30T00:00:00,0.0
2101,2019-07-01T00:00:00,0.0
2102,2019-07-02T00:00:00,58.0
2103,2019-07-03T00:00:00,79.0
2104,2019-07-04T00:00:00,0.0
2105,2019-07-05T00:00:00,292.0
2106,2019-07-06T00:00:00,91.0
2107,2019-07-07T00:00:00,58.0
2108,2019-07-08T00:00:00,0.0
2109,2019-07-09T00:00:00,0.0
2110,2019-07-10T00:00:00,0.0
2111,2019-07-11T00:00:00,0.0
2112,2019-07-12T00:00:00,0.0
2113,2019-07-13T00:00:00,0.0
2114,2019-07-14T00:00:00,124.0
2115,2019-07-15T00:00:00,0.0
2116,2019-07-16T00:00:00,0.0
2117,2019-07-17T00:00:00,43.0
2118,2019-07-18T00:00:00,30.0
2119,2019-07-19T00:00:00,0.0
2120,2019-07-20T00:00:00,0.0
2121,2019-07-21T00:00:00,25.0
2122,2019-07-22T00:00:00,325.0
2123,2019-07-23T00:00:00,0.0
2124,2019-07-24T00:00:00,0.0
2125,2019-07-25T00:00:00,0.0
2126,2019-07-26T00:00:00,0.0
2127,2019-07-27T00:00:00,0.0
2128,2019-07-28T00:00:00,10.0
2129,2019-07-29T00:00:00,130.0
2130,2019-07-30T00:00:00,0.0
2131,2019-07-31T00:00:00,0.0
2132,2019-08-01T00:00:00,0.0
2133,2019-08-02T00:00:00,0.0
2134,2019-08-03T00:00:00,0.0
2135,2019-08-04T00:00:00,0.0
2136,2019-08-05T00:00:00,0.0
2137,2019-08-06T00:00:00,112.0
2138,2019-08-07T00:00:00,0.0
2139,2019-08-08T00:00:00,0.0
2140,2019-08-09T00:00:00,0.0
2141,2019-08-10T00:00:00,0.0
2142,2019-08-11T00:00:00,0.0
2143,2019-08-12T00:00:00,10.0
2144,2019-08-13T00:00:00,292.0
2145,2019-08-14T00:00:00,254.0
2146,2019-08-15T00:00:00,140.0
2147,2019-08-16T00:00:00,0.0
2148,2019-08-17T00:00:00,20.0
2149,2019-08-18T00:00:00,25.0
2150,2019-08-19T00:00:00,574.0
2151,2019-08-20T00:00:00,0.0
2152,2019-08-21T00:00:00,0.0
2153,2019-08-22T00:00:00,86.0
2154,2019-08-23T00:00:00,0.0
2155,2019-08-24T00:00:00,0.0
2156,2019-08-25T00:00:00,0.0
2157,2019-08-26T00:00:00,48.0
2158,2019-08-27T00:00:00,51.0
2159,2019-08-28T00:00:00,0.0
2160,2019-08-29T00:00:00,0.0
2161,2019-08-30T00:00:00,0.0
2162,2019-08-31T00:00:00,0.0
2163,2019-09-01T00:00:00,277.0
2164,2019-09-02T00:00:00,0.0
2165,2019-09-03T00:00:00,15.0
2166,2019-09-04T00:00:00,41.0
2167,2019-09-05T00:00:00,0.0
2168,2019-09-06T00:00:00,0.0
2169,2019-09-07T00:00:00,0.0
2170,2019-09-08T00:00:00,0.0
2171,2019-09-09T00:00:00,0.0
2172,2019-09-10T00:00:00,0.0
2173,2019-09-11T00:00:00,0.0
2174,2019-09-12T00:00:00,0.0
2175,2019-09-13T00:00:00,0.0
2176,2019-09-14T00:00:00,0.0
2177,2019-09-15T00:00:00,36.0
2178,2019-09-16T00:00:00,0.0
2179,2019-09-17T00:00:00,0.0
2180,2019-09-18T00:00:00,0.0
2181,2019-09-19T00:00:00,0.0
2182,2019-09-20T00:00:00,0.0
2183,2019-09-21T00:00:00,10.0
2184,2019-09-22T00:00:00,0.0
2185,2019-09-23T00:00:00,114.0
2186,2019-09-24T00:00:00,0.0
2187,2019-09-25T00:00:00,0.0
2188,2019-09-26T00:00:00,0.0
2189,2019-09-27T00:00:00,127.0
2190,2019-09-28T00:00:00,323.0
2191,2019-09-29T00:00:00,51.0
2192,2019-09-30T00:00:00,0.0
2193,2019-10-01T00:00:00,48.0
2194,2019-10-02T00:00:00,0.0
2195,2019-10-03T00:00:00,0.0
2196,2019-10-04T00:00:00,0.0
2197,2019-10-05T00:00:00,0.0
2198,2019-10-06T00:00:00,25.0
2199,2019-10-07T00:00:00,0.0
2200,2019-10-08T00:00:00,0.0
2201,2019-10-09T00:00:00,0.0
2202,2019-10-10T00:00:00,0.0
2203,2019-10-11T00:00:00,38.0
2204,2019-10-12T00:00:00,51.0
2205,2019-10-13T00:00:00,0.0
2206,2019-10-14T00:00:00,0.0
2207,2019-10-15T00:00:00,0.0
2208,2019-10-16T00:00:00,25.0
2209,2019-10-17T00:00:00,0.0
2210,2019-10-18T00:00:00,0.0
2211,2019-10-19T00:00:00,0.0
2212,2019-10-20T00:00:00,0.0
2213,2019-10-21T00:00:00,114.0
2214,2019-10-22T00:00:00,119.0
2215,2019-10-23T00:00:00,25.0
2216,2019-10-24T00:00:00,0.0
2217,2019-10-25T00:00:00,0.0
2218,2019-10-26T00:00:00,216.0
2219,2019-10-27T00:00:00,185.0
2220,2019-10-28T00:00:00,0.0
2221,2019-10-29T00:00:00,0.0
2222,2019-10-30T00:00:00,102.0
2223,2019-10-31T00:00:00,203.0
2224,2019-11-01T00:00:00,64.0
2225,2019-11-02T00:00:00,0.0
2226,2019-11-03T00:00:00,0.0
2227,2019-11-04T00:00:00,0.0
2228,2019-11-05T00:00:00,0.0
2229,2019-11-06T00:00:00,0.0
2230,2019-11-07T00:00:00,0.0
2231,2019-11-08T00:00:00,0.0
2232,2019-11-09T00:00:00,0.0
2233,2019-11-10T00:00:00,0.0
2234,2019-11-11T00:00:00,25.0
2235,2019-11-12T00:00:00,46.0
2236,2019-11-13T00:00:00,0.0
2237,2019-11-14T00:00:00,0.0
2238,2019-11-15T00:00:00,0.0
2239,2019-11-16T00:00:00,0.0
2240,2019-11-17T00:00:00,0.0
2241,2019-11-18T00:00:00,0.0
2242,2019-11-19T00:00:00,0.0
2243,2019-11-20T00:00:00,0.0
2244,2019-11-21T00:00:00,13.0
2245,2019-11-22T00:00:00,0.0
2246,2019-11-23T00:00:00,0.0
2247,2019-11-24T00:00:00,0.0
2248,2019-11-25T00:00:00,0.0
2249,2019-11-26T00:00:00,0.0
2250,2019-11-27T00:00:00,249.0
2251,2019-11-28T00:00:00,0.0
2252,2019-11-29T00:00:00,0.0
2253,2019-11-30T00:00:00,0.0
2254,2019-12-01T00:00:00,124.0
2255,2019-12-02T00:00:00,10.0
2256,2019-12-03T00:00:00,0.0
2257,2019-12-04T00:00:00,0.0
2258,2019-12-05T00:00:00,0.0
2259,2019-12-06T00:00:00,0.0
2260,2019-12-07T00:00:00,0.0
2261,2019-12-08T00:00:00,0.0
2262,2019-12-09T00:00:00,127.0
2263,2019-12-10T00:00:00,0.0
2264,2019-12-11T00:00:00,0.0
2265,2019-12-12T00:00:00,0.0
2266,2019-12-13T00:00:00,0.0
2267,2019-12-14T00:00:00,0.0
2268,2019-12-15T00:00:00,0.0
2269,2019-12-16T00:00:00,0.0
2270,2019-12-17T00:00:00,0.0
2271,2019-12-18T00:00:00,3.0
2272,2019-12-19T00:00:00,0.0
2273,2019-12-20T00:00:00,0.0
2274,2019-12-21T00:00:00,0.0
2275,2019-12-22T00:00:00,0.0
2276,2019-12-23T00:00:00,0.0
2277,2019-12-24T00:00:00,0.0
2278,2019-12-25T00:00:00,0.0
2279,2019-12-26T00:00:00,0.0
2280,2019-12-27T00:00:00,0.0
2281,2019-12-28T00:00:00,0.0
2282,2019-12-29T00:00:00,292.0
2283,2019-12-30T00:00:00,254.0
2284,2019-12-31T00:00:00,25.0
2285,2019-01-01T00:00:00,168.0
2286,2019-01-02T00:00:00,0.0
2287,2019-01-03T00:00:00,0.0
2288,2019-01-04T00:00:00,0.0
2289,2019-01-05T00:00:00,0.0
2290,2019-01-06T00:00:00,0.0
2291,2019-01-07T00:00:00,3.0
2292,2019-01-08T00:00:00,15.0
2293,2019-01-09T00:00:00,3.0
2294,2019-01-10T00:00:00,3.0
2295,2019-01-11T00:00:00,0.0
2296,2019-01-12T00:00:00,0.0
2297,2019-01-13T00:00:00,66.0
2298,2019-01-14T00:00:00,0.0
2299,2019-01-15T00:00:00,0.0
2300,2019-01-16T00:00:00,8.0
2301,2019-01-17T00:00:00,0.0
2302,2019-01-18T00:00:00,20.0
2303,2019-01-19T00:00:00,30.0
2304,2019-01-20T00:00:00,56.0
2305,2019-01-21T00:00:00,0.0
2306,2019-01-22T00:00:00,0.0
2307,2019-01-23T00:00:00,114.0
2308,2019-01-24T00:00:00,3.0
2309,2019-01-25T00:00:00,3.0
2310,2019-01-26T00:00:00,5.0
2311,2019-01-27T00:00:00,53.0
2312,2019-01-28T00:00:00,46.0
2313,2019-01-29T00:00:00,3.0
2314,2019-01-30T00:00:00,0.0
2315,2019-01-31T00:00:00,0.0
2316,2019-02-01T00:00:00,25.0
2317,2019-02-02T00:00:00,0.0
2318,2019-02-03T00:00:00,0.0
2319,2019-02-04T00:00:00,3.0
2320,2019-02-05T00:00:00,48.0
2321,2019-02-06T00:00:00,127.0
2322,2019-02-07T00:00:00,20.0
2323,2019-02-08T00:00:00,41.0
2324,2019-02-09T00:00:00,3.0
2325,2019-02-10T00:00:00,0.0
2326,2019-02-11T00:00:00,56.0
2327,2019-02-12T00:00:00,51.0
2328,2019-02-13T00:00:00,5.0
2329,2019-02-14T00:00:00,0.0
2330,2019-02-15T00:00:00,0.0
2331,2019-02-16T00:00:00,0.0
2332,2019-02-17T00:00:00,0.0
2333,2019-02-18T00:00:00,38.0
2334,2019-02-19T00:00:00,0.0
2335,2019-02-20T00:00:00,5.0
2336,2019-02-21T00:00:00,13.0
2337,2019-02-22T00:00:00,0.0
2338,2019-02-23T00:00:00,0.0
2339,2019-02-24T00:00:00,46.0
2340,2019-02-25T00:00:00,0.0
2341,2019-02-26T00:00:00,0.0
2342,2019-02-27T00:00:00,0.0
2343,2019-02-28T00:00:00,0.0
2344,2019-03-01T00:00:00,0.0
2345,2019-03-02T00:00:00,0.0
2346,2019-03-03T00:00:00,0.0
2347,2019-03-04T00:00:00,3.0
2348,2019-03-05T00:00:00,3.0
2349,2019-03-06T00:00:00,0.0
2350,2019-03-07T00:00:00,0.0
2351,2019-03-08T00:00:00,0.0
2352,2019-03-09T00:00:00,0.0
2353,2019-03-10T00:00:00,241.0
2354,2019-03-11T00:00:00,0.0
2355,2019-03-12T00:00:00,0.0
2356,2019-03-13T00:00:00,20.0
2357,2019-03-14T00:00:00,30.0
2358,2019-03-15T00:00:00,91.0
2359,2019-03-16T00:00:00,28.0
2360,2019-03-17T00:00:00,0.0
2361,2019-03-18T00:00:00,
2362,2019-03-19T00:00:00,
2363,2019-03-20T00:00:00,0.0
2364,2019-03-21T00:00:00,28.0
2365,2019-03-22T00:00:00,0.0
2366,2019-03-23T00:00:00,
2367,2019-03-24T00:00:00,
2368,2019-03-25T00:00:00,33.0
2369,2019-03-26T00:00:00,0.0
2370,2019-03-27T00:00:00,
2371,2019-03-28T00:00:00,
2372,2019-03-29T00:00:00,56.0
2373,2019-03-30T00:00:00,216.0
2374,2019-03-31T00:00:00,51.0
2375,2019-04-01T00:00:00,0.0
2376,2019-04-02T00:00:00,0.0
2377,2019-04-03T00:00:00,0.0
2378,2019-04-04T00:00:00,23.0
2379,2019-04-05T00:00:00,33.0
2380,2019-04-06T00:00:00,0.0
2381,2019-04-07T00:00:00,0.0
2382,2019-04-08T00:00:00,38.0
2383,2019-04-09T00:00:00,0.0
2384,2019-04-10T00:00:00,0.0
2385,2019-04-11T00:00:00,28.0
2386,2019-04-12T00:00:00,74.0
2387,2019-04-13T00:00:00,0.0
2388,2019-04-14T00:00:00,109.0
2389,2019-04-15T00:00:00,58.0
2390,2019-04-16T00:00:00,0.0
2391,2019-04-17T00:00:00,0.0
2392,2019-04-18T00:00:00,18.0
2393,2019-04-19T00:00:00,114.0
2394,2019-04-20T00:00:00,3.0
2395,2019-04-21T00:00:00,130.0
2396,2019-04-22T00:00:00,0.0
2397,2019-04-23T00:00:00,15.0
2398,2019-04-24T00:00:00,0.0
2399,2019-04-25T00:00:00,3.0
2400,2019-04-26T00:00:00,193.0
2401,2019-04-27T00:00:00,0.0
2402,2019-04-28T00:00:00,152.0
2403,2019-04-29T00:00:00,20.0
2404,2019-04-30T00:00:00,157.0
2405,2019-05-01T00:00:00,295.0
2406,2019-05-02T00:00:00,0.0
2407,2019-05-03T00:00:00,43.0
2408,2019-05-04T00:00:00,0.0
2409,2019-05-05T00:00:00,0.0
2410,2019-05-06T00:00:00,0.0
2411,2019-05-07T00:00:00,0.0
2412,2019-05-08T00:00:00,3.0
2413,2019-05-09T00:00:00,58.0
2414,2019-05-10T00:00:00,8.0
2415,2019-05-11T00:00:00,0.0
2416,2019-05-12T00:00:00,61.0
2417,2019-05-13T00:00:00,53.0
2418,2019-05-14T00:00:00,0.0
2419,2019-05-15T00:00:00,0.0
2420,2019-05-16T00:00:00,0.0
2421,2019-05-17T00:00:00,130.0
2422,2019-05-18T00:00:00,152.0
2423,2019-05-19T00:00:00,0.0
2424,2019-05-20T00:00:00,38.0
2425,2019-05-21T00:00:00,0.0
2426,2019-05-22T00:00:00,132.0
2427,2019-05-23T00:00:00,127.0
2428,2019-05-24T00:00:00,61.0
2429,2019-05-25T00:00:00,0.0
2430,2019-05-26T00:00:00,69.0
2431,2019-05-27T00:00:00,3.0
2432,2019-05-28T00:00:00,94.0
2433,2019-05-29T00:00:00,89.0
2434,2019-05-30T00:00:00,97.0
2435,2019-05-31T00:00:00,0.0
2436,2019-06-02T00:00:00,
2437,2019-06-03T00:00:00,0.0
2438,2019-06-04T00:00:00,0.0
2439,2019-06-05T00:00:00,61.0
2440,2019-06-06T00:00:00,0.0
2441,2019-06-08T00:00:00,
2442,2019-06-09T00:00:00,28.0
2443,2019-06-10T00:00:00,51.0
2444,2019-06-11T00:00:00,0.0
2445,2019-06-12T00:00:00,0.0
2446,2019-06-13T00:00:00,43.0
2447,2019-06-14T00:00:00,127.0
2448,2019-06-15T00:00:00,15.0
2449,2019-06-16T00:00:00,414.0
2450,2019-06-17T00:00:00,5.0
2451,2019-06-18T00:00:00,0.0
2452,2019-06-19T00:00:00,0.0
2453,2019-06-20T00:00:00,338.0
2454,2019-06-21T00:00:00,3.0
2455,2019-06-22T00:00:00,0.0
2456,2019-06-23T00:00:00,0.0
2457,2019-06-24T00:00:00,152.0
2458,2019-06-25T00:00:00,51.0
2459,2019-06-26T00:00:00,102.0
2460,2019-06-27T00:00:00,51.0
2461,2019-06-28T00:00:00,0.0
2462,2019-06-29T00:00:00,0.0
2463,2019-06-30T00:00:00,0.0
2464,2019-07-01T00:00:00,0.0
2465,2019-07-02T00:00:00,0.0
2466,2019-07-03T00:00:00,81.0
2467,2019-07-04T00:00:00,0.0
2468,2019-07-05T00:00:00,0.0
2469,2019-07-06T00:00:00,279.0
2470,2019-07-07T00:00:00,97.0
2471,2019-07-08T00:00:00,0.0
2472,2019-07-09T00:00:00,0.0
2473,2019-07-10T00:00:00,0.0
2474,2019-07-11T00:00:00,0.0
2475,2019-07-12T00:00:00,0.0
2476,2019-07-13T00:00:00,0.0
2477,2019-07-14T00:00:00,0.0
2478,2019-07-15T00:00:00,0.0
2479,2019-07-16T00:00:00,0.0
2480,2019-07-17T00:00:00,76.0
2481,2019-07-18T00:00:00,0.0
2482,2019-07-19T00:00:00,69.0
2483,2019-07-20T00:00:00,3.0
2484,2019-07-21T00:00:00,8.0
2485,2019-07-22T00:00:00,356.0
2486,2019-07-23T00:00:00,0.0
2487,2019-07-24T00:00:00,0.0
2488,2019-07-25T00:00:00,0.0
2489,2019-07-26T00:00:00,0.0
2490,2019-07-27T00:00:00,0.0
2491,2019-07-28T00:00:00,0.0
2492,2019-07-29T00:00:00,0.0
2493,2019-07-30T00:00:00,239.0
2494,2019-07-31T00:00:00,0.0
2495,2019-08-01T00:00:00,0.0
2496,2019-08-02T00:00:00,0.0
2497,2019-08-03T00:00:00,0.0
2498,2019-08-04T00:00:00,0.0
2499,2019-08-05T00:00:00,0.0
2500,2019-08-06T00:00:00,0.0
2501,2019-08-07T00:00:00,61.0
2502,2019-08-08T00:00:00,3.0
2503,2019-08-09T00:00:00,0.0
2504,2019-08-10T00:00:00,0.0
2505,2019-08-11T00:00:00,0.0
2506,2019-08-12T00:00:00,36.0
2507,2019-08-13T00:00:00,589.0
2508,2019-08-14T00:00:00,36.0
2509,2019-08-15T00:00:00,361.0
2510,2019-08-16T00:00:00,0.0
2511,2019-08-17T00:00:00,3.0
2512,2019-08-18T00:00:00,15.0
2513,2019-08-19T00:00:00,66.0
2514,2019-08-20T00:00:00,0.0
2515,2019-08-21T00:00:00,48.0
2516,2019-08-22T00:00:00,30.0
2517,2019-08-23T00:00:00,0.0
2518,2019-08-24T00:00:00,0.0
2519,2019-08-25T00:00:00,0.0
2520,2019-08-26T00:00:00,0.0
2521,2019-08-27T00:00:00,99.0
2522,2019-08-28T00:00:00,0.0
2523,2019-08-29T00:00:00,0.0
2524,2019-08-30T00:00:00,0.0
2525,2019-08-31T00:00:00,0.0
2526,2019-09-01T00:00:00,102.0
2527,2019-09-02T00:00:00,0.0
2528,2019-09-03T00:00:00,0.0
2529,2019-09-04T00:00:00,13.0
2530,2019-09-05T00:00:00,0.0
2531,2019-09-06T00:00:00,8.0
2532,2019-09-07T00:00:00,0.0
2533,2019-09-08T00:00:00,0.0
2534,2019-09-09T00:00:00,10.0
2535,2019-09-10T00:00:00,0.0
2536,2019-09-11T00:00:00,0.0
2537,2019-09-12T00:00:00,25.0
2538,2019-09-13T00:00:00,0.0
2539,2019-09-14T00:00:00,0.0
2540,2019-09-15T00:00:00,20.0
2541,2019-09-16T00:00:00,0.0
2542,2019-09-17T00:00:00,0.0
2543,2019-09-18T00:00:00,0.0
2544,2019-09-19T00:00:00,0.0
2545,2019-09-20T00:00:00,0.0
2546,2019-09-21T00:00:00,0.0
2547,2019-09-22T00:00:00,0.0
2548,2019-09-23T00:00:00,76.0
2549,2019-09-24T00:00:00,0.0
2550,2019-09-25T00:00:00,0.0
2551,2019-09-26T00:00:00,0.0
2552,2019-09-27T00:00:00,0.0
2553,2019-09-28T00:00:00,833.0
2554,2019-09-29T00:00:00,81.0
2555,2019-09-30T00:00:00,122.0
2556,2019-10-01T00:00:00,0.0
2557,2019-10-02T00:00:00,0.0
2558,2019-10-03T00:00:00,25.0
2559,2019-10-04T00:00:00,0.0
2560,2019-10-05T00:00:00,0.0
2561,2019-10-06T00:00:00,38.0
2562,2019-10-07T00:00:00,0.0
2563,2019-10-08T00:00:00,0.0
2564,2019-10-09T00:00:00,0.0
2565,2019-10-10T00:00:00,
2566,2019-10-11T00:00:00,
2567,2019-10-12T00:00:00,53.0
2568,2019-10-13T00:00:00,0.0
2569,2019-10-14T00:00:00,0.0
2570,2019-10-15T00:00:00,0.0
2571,2019-10-16T00:00:00,5.0
2572,2019-10-17T00:00:00,53.0
2573,2019-10-18T00:00:00,0.0
2574,2019-10-19T00:00:00,0.0
2575,2019-10-20T00:00:00,
2576,2019-10-21T00:00:00,
2577,2019-10-22T00:00:00,165.0
2578,2019-10-23T00:00:00,20.0
2579,2019-10-24T00:00:00,0.0
2580,2019-10-25T00:00:00,0.0
2581,2019-10-26T00:00:00,0.0
2582,2019-10-27T00:00:00,406.0
2583,2019-10-28T00:00:00,0.0
2584,2019-10-29T00:00:00,0.0
2585,2019-10-30T00:00:00,76.0
2586,2019-10-31T00:00:00,229.0
2587,2019-11-01T00:00:00,61.0
2588,2019-11-02T00:00:00,0.0
2589,2019-11-03T00:00:00,0.0
2590,2019-11-04T00:00:00,13.0
2591,2019-11-05T00:00:00,0.0
2592,2019-11-06T00:00:00,0.0
2593,2019-11-07T00:00:00,0.0
2594,2019-11-08T00:00:00,0.0
2595,2019-11-09T00:00:00,0.0
2596,2019-11-10T00:00:00,0.0
2597,2019-11-11T00:00:00,8.0
2598,2019-11-12T00:00:00,102.0
2599,2019-11-13T00:00:00,3.0
2600,2019-11-14T00:00:00,0.0
2601,2019-11-15T00:00:00,0.0
2602,2019-11-16T00:00:00,0.0
2603,2019-11-17T00:00:00,0.0
2604,2019-11-18T00:00:00,25.0
2605,2019-11-19T00:00:00,0.0
2606,2019-11-20T00:00:00,0.0
2607,2019-11-21T00:00:00,0.0
2608,2019-11-22T00:00:00,15.0
2609,2019-11-23T00:00:00,0.0
2610,2019-11-24T00:00:00,0.0
2611,2019-11-25T00:00:00,0.0
2612,2019-11-26T00:00:00,0.0
2613,2019-11-27T00:00:00,244.0
2614,2019-11-28T00:00:00,0.0
2615,2019-11-29T00:00:00,0.0
2616,2019-11-30T00:00:00,0.0
2617,2019-12-01T00:00:00,157.0
2618,2019-12-02T00:00:00,5.0
2619,2019-12-03T00:00:00,0.0
2620,2019-12-04T00:00:00,0.0
2621,2019-12-05T00:00:00,0.0
2622,2019-12-06T00:00:00,0.0
2623,2019-12-07T00:00:00,0.0
2624,2019-12-08T00:00:00,0.0
2625,2019-12-09T00:00:00,122.0
2626,2019-12-10T00:00:00,5.0
2627,2019-12-11T00:00:00,3.0
2628,2019-12-12T00:00:00,0.0
2629,2019-12-13T00:00:00,0.0
2630,2019-12-14T00:00:00,0.0
2631,2019-12-15T00:00:00,0.0
2632,2019-12-16T00:00:00,25.0
2633,2019-12-17T00:00:00,0.0
2634,2019-12-18T00:00:00,0.0
2635,2019-12-19T00:00:00,0.0
2636,2019-12-20T00:00:00,0.0
2637,2019-12-21T00:00:00,0.0
2638,2019-12-22T00:00:00,0.0
2639,2019-12-23T00:00:00,0.0
2640,2019-12-24T00:00:00,0.0
2641,2019-12-25T00:00:00,0.0
2642,2019-12-26T00:00:00,0.0
2643,2019-12-27T00:00:00,0.0
2644,2019-12-28T00:00:00,0.0
2645,2019-12-29T00:00:00,239.0
2646,2019-12-30T00:00:00,241.0
2647,2019-12-31T00:00:00,51.0
